CKPT_TYPE,THREADS,SPEC_WINDOW,OBJECTS,MIT,MEAN_TOT_THROUGHPUT,MEAN_COM_THROUGHPUT,EPOCHS,ROLLBACKS,TOTAL_EVENTS,COMMITTED_EVENTS,FILTERED_EVENTS
grid_ckpt,10,0.25,1024,0.4,71794.500000,71794.500000,2091,0,4307670,4307670,0
grid_ckpt,10,0.25,1024,0.4,72405.016667,72405.016667,2110,0,4344301,4344301,0
grid_ckpt,10,0.25,1024,0.4,71820.950000,71820.950000,2091,0,4309257,4309257,0
grid_ckpt,10,0.25,1024,0.4,72280.233333,72280.233333,2106,0,4336814,4336814,0
grid_ckpt,10,0.25,1024,0.4,72283.866667,72283.866667,2106,0,4337032,4337032,0
chunk_ckpt,10,0.25,1024,0.4,12026.433333,12026.433333,2573,0,721586,721586,0
chunk_ckpt,10,0.25,1024,0.4,12372.516667,12372.516667,2655,0,742351,742351,0
chunk_ckpt,10,0.25,1024,0.4,12323.816667,12323.816667,2644,0,739429,739429,0
chunk_ckpt,10,0.25,1024,0.4,12104.533333,12104.533333,2587,0,726272,726272,0
chunk_ckpt,10,0.25,1024,0.4,12340.366667,12340.366667,2650,0,740422,740422,0
full_ckpt,10,0.25,1024,0.4,62280.133333,62280.133333,1781,0,3736808,3736808,0
full_ckpt,10,0.25,1024,0.4,63589.000000,63589.000000,1822,0,3815340,3815340,0
full_ckpt,10,0.25,1024,0.4,64327.416667,64327.416667,1846,0,3859645,3859645,0
full_ckpt,10,0.25,1024,0.4,64636.916667,64636.916667,1857,0,3878215,3878215,0
full_ckpt,10,0.25,1024,0.4,64569.700000,64569.700000,1854,0,3874182,3874182,0
grid_ckpt,10,0.25,1024,0.1,147434.450000,147434.450000,1024,0,8846067,8846067,0
grid_ckpt,10,0.25,1024,0.1,147566.366667,147566.366667,1026,0,8853982,8853982,0
grid_ckpt,10,0.25,1024,0.1,147037.283333,147037.283333,1031,0,8822237,8822237,0
grid_ckpt,10,0.25,1024,0.1,147722.250000,147722.250000,1029,0,8863335,8863335,0
grid_ckpt,10,0.25,1024,0.1,148697.483333,148697.483333,1036,0,8921849,8921849,0
chunk_ckpt,10,0.25,1024,0.1,12428.300000,12428.300000,2673,0,745698,745698,0
chunk_ckpt,10,0.25,1024,0.1,12323.966667,12323.966667,2642,0,739438,739438,0
chunk_ckpt,10,0.25,1024,0.1,12035.950000,12035.950000,2573,0,722157,722157,0
chunk_ckpt,10,0.25,1024,0.1,12986.866667,12986.866667,2812,0,779212,779212,0
chunk_ckpt,10,0.25,1024,0.1,12471.183333,12471.183333,2683,0,748271,748271,0
full_ckpt,10,0.25,1024,0.1,104575.800000,104575.800000,757,0,6274548,6274548,0
full_ckpt,10,0.25,1024,0.1,103647.483333,103647.483333,752,0,6218849,6218849,0
full_ckpt,10,0.25,1024,0.1,103484.383333,103484.383333,749,0,6209063,6209063,0
full_ckpt,10,0.25,1024,0.1,106824.266667,106824.266667,768,0,6409456,6409456,0
full_ckpt,10,0.25,1024,0.1,104222.033333,104222.033333,756,0,6253322,6253322,0
grid_ckpt,10,0.5,1024,0.4,125218.566667,125218.566667,2010,0,7513114,7513114,0
grid_ckpt,10,0.5,1024,0.4,128132.466667,128132.466667,2063,0,7687948,7687948,0
grid_ckpt,10,0.5,1024,0.4,126678.366667,126678.366667,2036,0,7600702,7600702,0
grid_ckpt,10,0.5,1024,0.4,127817.966667,127817.966667,2057,0,7669078,7669078,0
grid_ckpt,10,0.5,1024,0.4,125965.250000,125965.250000,2023,0,7557915,7557915,0
chunk_ckpt,10,0.5,1024,0.4,21745.916667,21745.916667,2611,0,1304755,1304755,0
chunk_ckpt,10,0.5,1024,0.4,21695.766667,21695.766667,2606,0,1301746,1301746,0
chunk_ckpt,10,0.5,1024,0.4,22949.133333,22949.133333,2768,0,1376948,1376948,0
chunk_ckpt,10,0.5,1024,0.4,21084.666667,21084.666667,2522,0,1265080,1265080,0
chunk_ckpt,10,0.5,1024,0.4,22326.166667,22326.166667,2687,0,1339570,1339570,0
full_ckpt,10,0.5,1024,0.4,112717.883333,112717.883333,1774,0,6763073,6763073,0
full_ckpt,10,0.5,1024,0.4,110465.183333,110465.183333,1735,0,6627911,6627911,0
full_ckpt,10,0.5,1024,0.4,114149.516667,114149.516667,1799,0,6848971,6848971,0
full_ckpt,10,0.5,1024,0.4,111705.050000,111705.050000,1755,0,6702303,6702303,0
full_ckpt,10,0.5,1024,0.4,114066.983333,114066.983333,1798,0,6844019,6844019,0
grid_ckpt,10,0.5,1024,0.1,227022.466667,227022.466667,771,0,13621348,13621348,0
grid_ckpt,10,0.5,1024,0.1,228088.516667,228088.516667,770,0,13685311,13685311,0
grid_ckpt,10,0.5,1024,0.1,234119.716667,234119.716667,795,0,14047183,14047183,0
grid_ckpt,10,0.5,1024,0.1,228160.650000,228160.650000,769,0,13689639,13689639,0
grid_ckpt,10,0.5,1024,0.1,227521.666667,227521.666667,773,0,13651300,13651300,0
chunk_ckpt,10,0.5,1024,0.1,21620.666667,21620.666667,2593,0,1297240,1297240,0
chunk_ckpt,10,0.5,1024,0.1,21210.650000,21210.650000,2538,0,1272639,1272639,0
chunk_ckpt,10,0.5,1024,0.1,21978.716667,21978.716667,2641,0,1318723,1318723,0
chunk_ckpt,10,0.5,1024,0.1,21109.133333,21109.133333,2524,0,1266548,1266548,0
chunk_ckpt,10,0.5,1024,0.1,21277.316667,21277.316667,2548,0,1276639,1276639,0
full_ckpt,10,0.5,1024,0.1,174914.516667,174914.516667,605,0,10494871,10494871,0
full_ckpt,10,0.5,1024,0.1,176271.983333,176271.983333,606,0,10576319,10576319,0
full_ckpt,10,0.5,1024,0.1,174747.266667,174747.266667,606,0,10484836,10484836,0
full_ckpt,10,0.5,1024,0.1,174690.400000,174690.400000,604,0,10481424,10481424,0
full_ckpt,10,0.5,1024,0.1,174365.633333,174365.633333,602,0,10461938,10461938,0
grid_ckpt,10,1.0,1024,0.4,216387.116667,216387.116667,1905,0,12983227,12983227,0
grid_ckpt,10,1.0,1024,0.4,219538.350000,219538.350000,1935,0,13172301,13172301,0
grid_ckpt,10,1.0,1024,0.4,218527.350000,218527.350000,1926,0,13111641,13111641,0
grid_ckpt,10,1.0,1024,0.4,223408.966667,223408.966667,1972,0,13404538,13404538,0
grid_ckpt,10,1.0,1024,0.4,223744.883333,223744.883333,1976,0,13424693,13424693,0
chunk_ckpt,10,1.0,1024,0.4,39687.116667,39687.116667,2567,1,2381227,2381227,0
chunk_ckpt,10,1.0,1024,0.4,40848.150000,40848.150000,2644,1,2450889,2450889,0
chunk_ckpt,10,1.0,1024,0.4,40189.366667,40189.366667,2601,1,2411362,2411362,0
chunk_ckpt,10,1.0,1024,0.4,40411.500000,40411.500000,2616,1,2424690,2424690,0
chunk_ckpt,10,1.0,1024,0.4,40181.333333,40181.333333,2600,1,2410880,2410880,0
full_ckpt,10,1.0,1024,0.4,194312.383333,194312.383333,1684,0,11658743,11658743,0
full_ckpt,10,1.0,1024,0.4,195322.250000,195322.250000,1694,0,11719335,11719335,0
full_ckpt,10,1.0,1024,0.4,197494.566667,197494.566667,1714,0,11849674,11849674,0
full_ckpt,10,1.0,1024,0.4,199619.366667,199619.366667,1734,0,11977162,11977162,0
full_ckpt,10,1.0,1024,0.4,198374.166667,198374.166667,1722,0,11902450,11902450,0
grid_ckpt,10,1.0,1024,0.1,307084.100000,307084.100000,547,0,18425046,18425046,0
grid_ckpt,10,1.0,1024,0.1,299804.216667,299804.216667,532,0,17988253,17988253,0
grid_ckpt,10,1.0,1024,0.1,300756.833333,300756.833333,533,0,18045410,18045410,0
grid_ckpt,10,1.0,1024,0.1,296993.233333,296993.233333,526,0,17819594,17819594,0
grid_ckpt,10,1.0,1024,0.1,301022.150000,301022.150000,535,0,18061329,18061329,0
chunk_ckpt,10,1.0,1024,0.1,39231.233333,39231.233333,2536,0,2353874,2353874,0
chunk_ckpt,10,1.0,1024,0.1,39946.900000,39946.900000,2584,1,2396814,2396814,0
chunk_ckpt,10,1.0,1024,0.1,39810.200000,39810.200000,2574,1,2388612,2388612,0
chunk_ckpt,10,1.0,1024,0.1,40037.216667,40037.216667,2591,1,2402233,2402233,0
chunk_ckpt,10,1.0,1024,0.1,39602.116667,39602.116667,2561,1,2376127,2376127,0
full_ckpt,10,1.0,1024,0.1,256870.500000,256870.500000,439,0,15412230,15412230,0
full_ckpt,10,1.0,1024,0.1,256300.900000,256300.900000,440,0,15378054,15378054,0
full_ckpt,10,1.0,1024,0.1,256592.116667,256592.116667,440,0,15395527,15395527,0
full_ckpt,10,1.0,1024,0.1,257217.416667,257217.416667,440,0,15433045,15433045,0
full_ckpt,10,1.0,1024,0.1,256568.316667,256568.316667,440,0,15394099,15394099,0
grid_ckpt,20,0.25,1024,0.4,78425.950000,78425.950000,2309,0,4705557,4705557,0
grid_ckpt,20,0.25,1024,0.4,76875.350000,76875.350000,2257,0,4612521,4612521,0
grid_ckpt,20,0.25,1024,0.4,75776.000000,75776.000000,2221,0,4546560,4546560,0
grid_ckpt,20,0.25,1024,0.4,81177.750000,81177.750000,2400,0,4870665,4870665,0
grid_ckpt,20,0.25,1024,0.4,79399.550000,79399.550000,2341,0,4763973,4763973,0
chunk_ckpt,20,0.25,1024,0.4,12547.266667,12547.266667,2708,0,752836,752836,0
chunk_ckpt,20,0.25,1024,0.4,12417.350000,12417.350000,2674,0,745041,745041,0
chunk_ckpt,20,0.25,1024,0.4,12268.150000,12268.150000,2637,0,736089,736089,0
chunk_ckpt,20,0.25,1024,0.4,12470.083333,12470.083333,2687,0,748205,748205,0
chunk_ckpt,20,0.25,1024,0.4,12410.883333,12410.883333,2673,0,744653,744653,0
full_ckpt,20,0.25,1024,0.4,70031.200000,70031.200000,2032,0,4201872,4201872,0
full_ckpt,20,0.25,1024,0.4,67696.633333,67696.633333,1956,0,4061798,4061798,0
full_ckpt,20,0.25,1024,0.4,67998.216667,67998.216667,1966,0,4079893,4079893,0
full_ckpt,20,0.25,1024,0.4,69730.333333,69730.333333,2022,0,4183820,4183820,0
full_ckpt,20,0.25,1024,0.4,68853.650000,68853.650000,1994,0,4131219,4131219,0
grid_ckpt,20,0.25,1024,0.1,216734.350000,216734.350000,1451,0,13004061,13004061,0
grid_ckpt,20,0.25,1024,0.1,213621.233333,213621.233333,1445,0,12817274,12817274,0
grid_ckpt,20,0.25,1024,0.1,209557.150000,209557.150000,1426,0,12573429,12573429,0
grid_ckpt,20,0.25,1024,0.1,214800.750000,214800.750000,1446,0,12888045,12888045,0
grid_ckpt,20,0.25,1024,0.1,211003.516667,211003.516667,1455,0,12660211,12660211,0
chunk_ckpt,20,0.25,1024,0.1,12361.516667,12361.516667,2657,0,741691,741691,0
chunk_ckpt,20,0.25,1024,0.1,12436.850000,12436.850000,2681,0,746211,746211,0
chunk_ckpt,20,0.25,1024,0.1,12496.933333,12496.933333,2693,0,749816,749816,0
chunk_ckpt,20,0.25,1024,0.1,12235.816667,12235.816667,2626,0,734149,734149,0
chunk_ckpt,20,0.25,1024,0.1,12543.300000,12543.300000,2709,0,752598,752598,0
full_ckpt,20,0.25,1024,0.1,136201.866667,136201.866667,931,0,8172112,8172112,0
full_ckpt,20,0.25,1024,0.1,133352.600000,133352.600000,924,0,8001156,8001156,0
full_ckpt,20,0.25,1024,0.1,126890.833333,126890.833333,867,0,7613450,7613450,0
full_ckpt,20,0.25,1024,0.1,134634.866667,134634.866667,924,0,8078092,8078092,0
full_ckpt,20,0.25,1024,0.1,146841.566667,146841.566667,1012,0,8810494,8810494,0
grid_ckpt,20,0.5,1024,0.4,136668.033333,136668.033333,2226,0,8200082,8200082,0
grid_ckpt,20,0.5,1024,0.4,135920.166667,135920.166667,2210,0,8155210,8155210,0
grid_ckpt,20,0.5,1024,0.4,133957.250000,133957.250000,2174,0,8037435,8037435,0
grid_ckpt,20,0.5,1024,0.4,134006.416667,134006.416667,2174,0,8040385,8040385,0
grid_ckpt,20,0.5,1024,0.4,135725.266667,135725.266667,2208,0,8143516,8143516,0
chunk_ckpt,20,0.5,1024,0.4,22582.950000,22582.950000,2729,0,1354977,1354977,0
chunk_ckpt,20,0.5,1024,0.4,22236.850000,22236.850000,2681,0,1334211,1334211,0
chunk_ckpt,20,0.5,1024,0.4,21846.583333,21846.583333,2629,0,1310795,1310795,0
chunk_ckpt,20,0.5,1024,0.4,22304.766667,22304.766667,2688,0,1338286,1338286,0
chunk_ckpt,20,0.5,1024,0.4,21581.983333,21581.983333,2593,0,1294919,1294919,0
full_ckpt,20,0.5,1024,0.4,120810.350000,120810.350000,1925,0,7248621,7248621,0
full_ckpt,20,0.5,1024,0.4,127145.283333,127145.283333,2042,0,7628717,7628717,0
full_ckpt,20,0.5,1024,0.4,119791.733333,119791.733333,1906,0,7187504,7187504,0
full_ckpt,20,0.5,1024,0.4,124924.866667,124924.866667,2000,0,7495492,7495492,0
full_ckpt,20,0.5,1024,0.4,120217.116667,120217.116667,1915,0,7213027,7213027,0
grid_ckpt,20,0.5,1024,0.1,339891.933333,339891.933333,1244,0,20393516,20393516,0
grid_ckpt,20,0.5,1024,0.1,338232.216667,338232.216667,1228,0,20293933,20293933,0
grid_ckpt,20,0.5,1024,0.1,342475.500000,342475.500000,1259,0,20548530,20548530,0
grid_ckpt,20,0.5,1024,0.1,341937.183333,341937.183333,1262,0,20516231,20516231,0
grid_ckpt,20,0.5,1024,0.1,338501.000000,338501.000000,1234,0,20310060,20310060,0
chunk_ckpt,20,0.5,1024,0.1,22843.816667,22843.816667,2760,0,1370629,1370629,0
chunk_ckpt,20,0.5,1024,0.1,22004.183333,22004.183333,2650,0,1320251,1320251,0
chunk_ckpt,20,0.5,1024,0.1,21944.250000,21944.250000,2641,0,1316655,1316655,0
chunk_ckpt,20,0.5,1024,0.1,23168.000000,23168.000000,2804,0,1390080,1390080,0
chunk_ckpt,20,0.5,1024,0.1,22324.966667,22324.966667,2692,0,1339498,1339498,0
full_ckpt,20,0.5,1024,0.1,235844.750000,235844.750000,804,0,14150685,14150685,0
full_ckpt,20,0.5,1024,0.1,239073.616667,239073.616667,820,0,14344417,14344417,0
full_ckpt,20,0.5,1024,0.1,239206.400000,239206.400000,813,0,14352384,14352384,0
full_ckpt,20,0.5,1024,0.1,239724.716667,239724.716667,815,0,14383483,14383483,0
full_ckpt,20,0.5,1024,0.1,238171.666667,238171.666667,813,0,14290300,14290300,0
grid_ckpt,20,1.0,1024,0.4,239746.000000,239746.000000,2142,0,14384760,14384760,0
grid_ckpt,20,1.0,1024,0.4,240827.050000,240827.050000,2153,0,14449623,14449623,0
grid_ckpt,20,1.0,1024,0.4,240660.050000,240660.050000,2149,0,14439603,14439603,0
grid_ckpt,20,1.0,1024,0.4,237161.750000,237161.750000,2115,0,14229705,14229705,0
grid_ckpt,20,1.0,1024,0.4,237288.516667,237288.516667,2117,0,14237311,14237311,0
chunk_ckpt,20,1.0,1024,0.4,41788.816667,41788.816667,2710,1,2507329,2507329,0
chunk_ckpt,20,1.0,1024,0.4,40692.000000,40692.000000,2638,0,2441520,2441520,0
chunk_ckpt,20,1.0,1024,0.4,40180.050000,40180.050000,2603,0,2410803,2410803,0
chunk_ckpt,20,1.0,1024,0.4,39855.933333,39855.933333,2581,0,2391356,2391356,0
chunk_ckpt,20,1.0,1024,0.4,39886.050000,39886.050000,2582,1,2393163,2393163,0
full_ckpt,20,1.0,1024,0.4,215704.083333,215704.083333,1898,0,12942245,12942245,0
full_ckpt,20,1.0,1024,0.4,211618.516667,211618.516667,1858,0,12697111,12697111,0
full_ckpt,20,1.0,1024,0.4,214560.383333,214560.383333,1887,0,12873623,12873623,0
full_ckpt,20,1.0,1024,0.4,224676.983333,224676.983333,1985,0,13480619,13480619,0
full_ckpt,20,1.0,1024,0.4,211009.200000,211009.200000,1851,0,12660552,12660552,0
grid_ckpt,20,1.0,1024,0.1,492024.866667,492024.866667,963,0,29521492,29521492,0
grid_ckpt,20,1.0,1024,0.1,495567.650000,495567.650000,971,0,29734059,29734059,0
grid_ckpt,20,1.0,1024,0.1,505725.083333,505725.083333,995,0,30343505,30343505,0
grid_ckpt,20,1.0,1024,0.1,502110.433333,502110.433333,987,0,30126626,30126626,0
grid_ckpt,20,1.0,1024,0.1,492096.150000,492096.150000,962,0,29525769,29525769,0
chunk_ckpt,20,1.0,1024,0.1,42744.216667,42744.216667,2776,0,2564653,2564653,0
chunk_ckpt,20,1.0,1024,0.1,41459.600000,41459.600000,2688,0,2487576,2487576,0
chunk_ckpt,20,1.0,1024,0.1,40699.283333,40699.283333,2638,0,2441957,2441957,0
chunk_ckpt,20,1.0,1024,0.1,40841.800000,40841.800000,2647,0,2450508,2450508,0
chunk_ckpt,20,1.0,1024,0.1,42568.016667,42568.016667,2764,0,2554081,2554081,0
full_ckpt,20,1.0,1024,0.1,363551.300000,363551.300000,676,0,21813078,21813078,0
full_ckpt,20,1.0,1024,0.1,367488.200000,367488.200000,680,0,22049292,22049292,0
full_ckpt,20,1.0,1024,0.1,364432.000000,364432.000000,678,0,21865920,21865920,0
full_ckpt,20,1.0,1024,0.1,362884.233333,362884.233333,677,0,21773054,21773054,0
full_ckpt,20,1.0,1024,0.1,364326.066667,364326.066667,681,0,21859564,21859564,0
grid_ckpt,40,0.25,1024,0.4,84455.066667,84455.066667,2509,0,5067304,5067304,0
grid_ckpt,40,0.25,1024,0.4,83561.350000,83561.350000,2479,0,5013681,5013681,0
grid_ckpt,40,0.25,1024,0.4,79600.733333,79600.733333,2347,0,4776044,4776044,0
grid_ckpt,40,0.25,1024,0.4,86394.683333,86394.683333,2573,0,5183681,5183681,0
grid_ckpt,40,0.25,1024,0.4,84792.733333,84792.733333,2520,0,5087564,5087564,0
chunk_ckpt,40,0.25,1024,0.4,13424.466667,13424.466667,2966,0,805468,805468,0
chunk_ckpt,40,0.25,1024,0.4,13307.650000,13307.650000,2940,0,798459,798459,0
chunk_ckpt,40,0.25,1024,0.4,13222.216667,13222.216667,2925,0,793333,793333,0
chunk_ckpt,40,0.25,1024,0.4,12878.150000,12878.150000,2835,0,772689,772689,0
chunk_ckpt,40,0.25,1024,0.4,13132.100000,13132.100000,2888,0,787926,787926,0
full_ckpt,40,0.25,1024,0.4,67767.850000,67767.850000,1956,0,4066071,4066071,0
full_ckpt,40,0.25,1024,0.4,70090.833333,70090.833333,2033,0,4205450,4205450,0
full_ckpt,40,0.25,1024,0.4,68304.100000,68304.100000,1976,0,4098246,4098246,0
full_ckpt,40,0.25,1024,0.4,66655.116667,66655.116667,1923,0,3999307,3999307,0
full_ckpt,40,0.25,1024,0.4,66455.583333,66455.583333,1917,0,3987335,3987335,0
grid_ckpt,40,0.25,1024,0.1,224262.916667,224262.916667,1550,0,13455775,13455775,0
grid_ckpt,40,0.25,1024,0.1,236363.033333,236363.033333,1641,0,14181782,14181782,0
grid_ckpt,40,0.25,1024,0.1,230578.050000,230578.050000,1582,0,13834683,13834683,0
grid_ckpt,40,0.25,1024,0.1,249734.333333,249734.333333,1753,0,14984060,14984060,0
grid_ckpt,40,0.25,1024,0.1,244873.683333,244873.683333,1722,0,14692421,14692421,0
chunk_ckpt,40,0.25,1024,0.1,13236.816667,13236.816667,2925,0,794209,794209,0
chunk_ckpt,40,0.25,1024,0.1,13372.750000,13372.750000,2958,0,802365,802365,0
chunk_ckpt,40,0.25,1024,0.1,13028.633333,13028.633333,2875,0,781718,781718,0
chunk_ckpt,40,0.25,1024,0.1,13125.866667,13125.866667,2895,0,787552,787552,0
chunk_ckpt,40,0.25,1024,0.1,12998.566667,12998.566667,2866,0,779914,779914,0
full_ckpt,40,0.25,1024,0.1,131332.100000,131332.100000,910,0,7879926,7879926,0
full_ckpt,40,0.25,1024,0.1,134779.233333,134779.233333,933,0,8086754,8086754,0
full_ckpt,40,0.25,1024,0.1,156124.983333,156124.983333,1085,0,9367499,9367499,0
full_ckpt,40,0.25,1024,0.1,133212.166667,133212.166667,921,0,7992730,7992730,0
full_ckpt,40,0.25,1024,0.1,143918.150000,143918.150000,1003,0,8635089,8635089,0
grid_ckpt,40,0.5,1024,0.4,151932.083333,151932.083333,2512,0,9115925,9115925,0
grid_ckpt,40,0.5,1024,0.4,145826.066667,145826.066667,2396,0,8749564,8749564,0
grid_ckpt,40,0.5,1024,0.4,147288.283333,147288.283333,2422,0,8837297,8837297,0
grid_ckpt,40,0.5,1024,0.4,147761.366667,147761.366667,2432,0,8865682,8865682,0
grid_ckpt,40,0.5,1024,0.4,148023.883333,148023.883333,2436,0,8881433,8881433,0
chunk_ckpt,40,0.5,1024,0.4,23170.850000,23170.850000,2834,0,1390251,1390251,0
chunk_ckpt,40,0.5,1024,0.4,23540.816667,23540.816667,2883,0,1412449,1412449,0
chunk_ckpt,40,0.5,1024,0.4,24171.166667,24171.166667,2966,0,1450270,1450270,0
chunk_ckpt,40,0.5,1024,0.4,23462.800000,23462.800000,2872,0,1407768,1407768,0
chunk_ckpt,40,0.5,1024,0.4,23192.683333,23192.683333,2837,0,1391561,1391561,0
full_ckpt,40,0.5,1024,0.4,125796.366667,125796.366667,2014,0,7547782,7547782,0
full_ckpt,40,0.5,1024,0.4,129404.216667,129404.216667,2084,0,7764253,7764253,0
full_ckpt,40,0.5,1024,0.4,129638.816667,129638.816667,2088,0,7778329,7778329,0
full_ckpt,40,0.5,1024,0.4,126666.783333,126666.783333,2030,0,7600007,7600007,0
full_ckpt,40,0.5,1024,0.4,128155.900000,128155.900000,2059,0,7689354,7689354,0
grid_ckpt,40,0.5,1024,0.1,411437.433333,411437.433333,1527,0,24686246,24686246,0
grid_ckpt,40,0.5,1024,0.1,399297.150000,399297.150000,1486,0,23957829,23957829,0
grid_ckpt,40,0.5,1024,0.1,397801.100000,397801.100000,1481,0,23868066,23868066,0
grid_ckpt,40,0.5,1024,0.1,407311.233333,407311.233333,1521,0,24438674,24438674,0
grid_ckpt,40,0.5,1024,0.1,396868.116667,396868.116667,1478,0,23812087,23812087,0
chunk_ckpt,40,0.5,1024,0.1,23709.450000,23709.450000,2904,0,1422567,1422567,0
chunk_ckpt,40,0.5,1024,0.1,23325.933333,23325.933333,2852,0,1399556,1399556,0
chunk_ckpt,40,0.5,1024,0.1,23169.450000,23169.450000,2833,0,1390167,1390167,0
chunk_ckpt,40,0.5,1024,0.1,23331.283333,23331.283333,2854,0,1399877,1399877,0
chunk_ckpt,40,0.5,1024,0.1,23150.783333,23150.783333,2832,0,1389047,1389047,0
full_ckpt,40,0.5,1024,0.1,286866.350000,286866.350000,998,0,17211981,17211981,0
full_ckpt,40,0.5,1024,0.1,247181.933333,247181.933333,859,0,14830916,14830916,0
full_ckpt,40,0.5,1024,0.1,279373.133333,279373.133333,972,0,16762388,16762388,0
full_ckpt,40,0.5,1024,0.1,253827.383333,253827.383333,879,0,15229643,15229643,0
full_ckpt,40,0.5,1024,0.1,285748.900000,285748.900000,998,0,17144934,17144934,0
grid_ckpt,40,1.0,1024,0.4,259754.850000,259754.850000,2337,0,15585291,15585291,0
grid_ckpt,40,1.0,1024,0.4,255918.516667,255918.516667,2298,0,15355111,15355111,0
grid_ckpt,40,1.0,1024,0.4,260000.750000,260000.750000,2342,0,15600045,15600045,0
grid_ckpt,40,1.0,1024,0.4,245081.250000,245081.250000,2196,0,14704875,14704875,0
grid_ckpt,40,1.0,1024,0.4,263774.833333,263774.833333,2377,0,15826490,15826490,0
chunk_ckpt,40,1.0,1024,0.4,43657.200000,43657.200000,2852,0,2619432,2619432,0
chunk_ckpt,40,1.0,1024,0.4,43281.133333,43281.133333,2830,0,2596868,2596868,0
chunk_ckpt,40,1.0,1024,0.4,43406.816667,43406.816667,2835,0,2604409,2604409,0
chunk_ckpt,40,1.0,1024,0.4,43055.016667,43055.016667,2815,0,2583301,2583301,0
chunk_ckpt,40,1.0,1024,0.4,43787.050000,43787.050000,2862,0,2627223,2627223,0
full_ckpt,40,1.0,1024,0.4,224779.616667,224779.616667,1986,0,13486777,13486777,0
full_ckpt,40,1.0,1024,0.4,226067.950000,226067.950000,1998,0,13564077,13564077,0
full_ckpt,40,1.0,1024,0.4,228738.566667,228738.566667,2024,0,13724314,13724314,0
full_ckpt,40,1.0,1024,0.4,228145.716667,228145.716667,2018,0,13688743,13688743,0
full_ckpt,40,1.0,1024,0.4,231992.366667,231992.366667,2058,0,13919542,13919542,0
grid_ckpt,40,1.0,1024,0.1,595078.500000,595078.500000,1194,0,35704710,35704710,0
grid_ckpt,40,1.0,1024,0.1,562229.116667,562229.116667,1118,0,33733747,33733747,0
grid_ckpt,40,1.0,1024,0.1,608062.050000,608062.050000,1222,0,36483723,36483723,0
grid_ckpt,40,1.0,1024,0.1,614053.933333,614053.933333,1238,0,36843236,36843236,0
grid_ckpt,40,1.0,1024,0.1,584878.333333,584878.333333,1170,0,35092700,35092700,0
chunk_ckpt,40,1.0,1024,0.1,45540.933333,45540.933333,2981,0,2732456,2732456,0
chunk_ckpt,40,1.0,1024,0.1,44343.466667,44343.466667,2901,0,2660608,2660608,0
chunk_ckpt,40,1.0,1024,0.1,42316.616667,42316.616667,2764,0,2538997,2538997,0
chunk_ckpt,40,1.0,1024,0.1,44285.416667,44285.416667,2891,0,2657125,2657125,0
chunk_ckpt,40,1.0,1024,0.1,43126.716667,43126.716667,2819,0,2587603,2587603,0
full_ckpt,40,1.0,1024,0.1,438746.450000,438746.450000,840,0,26324787,26324787,0
full_ckpt,40,1.0,1024,0.1,439722.500000,439722.500000,842,0,26383350,26383350,0
full_ckpt,40,1.0,1024,0.1,407422.783333,407422.783333,753,0,24445367,24445367,0
full_ckpt,40,1.0,1024,0.1,381820.233333,381820.233333,716,0,22909214,22909214,0
full_ckpt,40,1.0,1024,0.1,429400.233333,429400.233333,818,0,25764014,25764014,0
