CKPT_TYPE,THREADS,SPEC_WINDOW,OBJECTS,M,MEAN_TOT_THROUGHPUT,MEAN_COM_THROUGHPUT,EPOCHS,ROLLBACKS,TOTAL_EVENTS,COMMITTED_EVENTS,FILTERED_EVENTS
grid_ckpt,10,0.25,1024,1,30668.416667,30583.216667,5297,19330,1840105,1834993,5112
grid_ckpt,10,0.25,1024,1,31865.083333,31776.150000,5353,20471,1911905,1906569,5336
grid_ckpt,10,0.25,1024,1,31179.533333,31094.316667,5321,20139,1870772,1865659,5113
grid_ckpt,10,0.25,1024,1,30812.983333,30726.433333,5226,19686,1848779,1843586,5193
grid_ckpt,10,0.25,1024,1,31208.433333,31120.400000,5172,20169,1872506,1867224,5282
chunk_ckpt,10,0.25,1024,1,12980.483333,12916.533333,1463,11339,778829,774992,3837
chunk_ckpt,10,0.25,1024,1,12961.716667,12897.400000,1474,11281,777703,773844,3859
chunk_ckpt,10,0.25,1024,1,12930.400000,12865.833333,1470,11365,775824,771950,3874
chunk_ckpt,10,0.25,1024,1,13031.850000,12965.183333,1448,11380,781911,777911,4000
chunk_ckpt,10,0.25,1024,1,12962.950000,12896.633333,1433,11560,777777,773798,3979
full_ckpt,10,0.25,1024,1,1444.600000,1434.950000,131,1462,86676,86097,579
full_ckpt,10,0.25,1024,1,1449.383333,1439.066667,132,1525,86963,86344,619
full_ckpt,10,0.25,1024,1,1432.583333,1420.800000,130,1548,85955,85248,707
full_ckpt,10,0.25,1024,1,1445.533333,1433.600000,131,1571,86732,86016,716
full_ckpt,10,0.25,1024,1,1448.100000,1437.633333,131,1482,86886,86258,628
grid_ckpt,10,0.25,1024,100,583516.433333,64595.966667,5,238140,35010986,3875758,31135228
grid_ckpt,10,0.25,1024,100,582424.533333,64563.883333,5,238005,34945472,3873833,31071639
grid_ckpt,10,0.25,1024,100,581410.900000,64078.400000,5,236217,34884654,3844704,31039950
grid_ckpt,10,0.25,1024,100,581385.350000,64199.833333,5,236544,34883121,3851990,31031131
grid_ckpt,10,0.25,1024,100,585647.383333,65102.016667,5,240091,35138843,3906121,31232722
chunk_ckpt,10,0.25,1024,100,80212.083333,6372.916667,0,29443,4812725,382375,4430350
chunk_ckpt,10,0.25,1024,100,80185.533333,6357.466667,0,29424,4811132,381448,4429684
chunk_ckpt,10,0.25,1024,100,80222.233333,6373.250000,0,29423,4813334,382395,4430939
chunk_ckpt,10,0.25,1024,100,80240.616667,6369.716667,0,29428,4814437,382183,4432254
chunk_ckpt,10,0.25,1024,100,80201.666667,6367.816667,0,29424,4812100,382069,4430031
full_ckpt,10,0.25,1024,100,403667.133333,32919.383333,0,133677,24220028,1975163,22244865
full_ckpt,10,0.25,1024,100,404629.666667,33024.900000,0,133975,24277780,1981494,22296286
full_ckpt,10,0.25,1024,100,405159.133333,33075.300000,0,134088,24309548,1984518,22325030
full_ckpt,10,0.25,1024,100,396911.700000,32338.783333,0,131510,23814702,1940327,21874375
full_ckpt,10,0.25,1024,100,404480.050000,32998.316667,0,133960,24268803,1979899,22288904
grid_ckpt,10,0.5,1024,1,32119.616667,32028.683333,5309,21022,1927177,1921721,5456
grid_ckpt,10,0.5,1024,1,31531.816667,31447.366667,5310,20073,1891909,1886842,5067
grid_ckpt,10,0.5,1024,1,31119.166667,31032.300000,5386,19630,1867150,1861938,5212
grid_ckpt,10,0.5,1024,1,31188.066667,31101.050000,5226,20141,1871284,1866063,5221
grid_ckpt,10,0.5,1024,1,31770.433333,31686.116667,5263,20325,1906226,1901167,5059
chunk_ckpt,10,0.5,1024,1,13128.016667,13060.816667,1449,11779,787681,783649,4032
chunk_ckpt,10,0.5,1024,1,12958.533333,12891.800000,1416,11729,777512,773508,4004
chunk_ckpt,10,0.5,1024,1,12977.333333,12913.366667,1474,11269,778640,774802,3838
chunk_ckpt,10,0.5,1024,1,13023.133333,12955.816667,1441,11486,781388,777349,4039
chunk_ckpt,10,0.5,1024,1,12987.916667,12921.183333,1420,11604,779275,775271,4004
full_ckpt,10,0.5,1024,1,1454.166667,1443.866667,132,1497,87250,86632,618
full_ckpt,10,0.5,1024,1,1464.766667,1453.366667,132,1576,87886,87202,684
full_ckpt,10,0.5,1024,1,1446.183333,1434.150000,131,1578,86771,86049,722
full_ckpt,10,0.5,1024,1,1443.933333,1432.966667,131,1563,86636,85978,658
full_ckpt,10,0.5,1024,1,1447.033333,1436.033333,131,1556,86822,86162,660
grid_ckpt,10,0.5,1024,100,582909.600000,64514.900000,5,237833,34974576,3870894,31103682
grid_ckpt,10,0.5,1024,100,585668.333333,65201.150000,5,240421,35140100,3912069,31228031
grid_ckpt,10,0.5,1024,100,586896.983333,65245.450000,5,240790,35213819,3914727,31299092
grid_ckpt,10,0.5,1024,100,586900.433333,65327.350000,5,240917,35214026,3919641,31294385
grid_ckpt,10,0.5,1024,100,583953.750000,64660.983333,5,238606,35037225,3879659,31157566
chunk_ckpt,10,0.5,1024,100,80091.716667,6349.050000,0,29390,4805503,380943,4424560
chunk_ckpt,10,0.5,1024,100,80084.233333,6363.250000,0,29405,4805054,381795,4423259
chunk_ckpt,10,0.5,1024,100,79996.033333,6346.433333,0,29354,4799762,380786,4418976
chunk_ckpt,10,0.5,1024,100,80009.683333,6357.150000,0,29339,4800581,381429,4419152
chunk_ckpt,10,0.5,1024,100,80006.366667,6337.300000,0,29373,4800382,380238,4420144
full_ckpt,10,0.5,1024,100,397437.700000,32374.483333,0,131734,23846262,1942469,21903793
full_ckpt,10,0.5,1024,100,396058.316667,32277.516667,0,131369,23763499,1936651,21826848
full_ckpt,10,0.5,1024,100,395646.816667,32231.516667,0,131212,23738809,1933891,21804918
full_ckpt,10,0.5,1024,100,406022.700000,33146.616667,0,134405,24361362,1988797,22372565
full_ckpt,10,0.5,1024,100,395641.850000,32239.650000,0,131241,23738511,1934379,21804132
grid_ckpt,10,1.0,1024,1,32215.533333,32123.550000,5284,21094,1932932,1927413,5519
grid_ckpt,10,1.0,1024,1,31152.716667,31067.400000,5220,19808,1869163,1864044,5119
grid_ckpt,10,1.0,1024,1,31463.700000,31371.800000,5179,20513,1887822,1882308,5514
grid_ckpt,10,1.0,1024,1,31594.533333,31509.216667,5403,19844,1895672,1890553,5119
grid_ckpt,10,1.0,1024,1,30565.550000,30482.716667,5285,19324,1833933,1828963,4970
chunk_ckpt,10,1.0,1024,1,13071.266667,13006.300000,1457,11414,784276,780378,3898
chunk_ckpt,10,1.0,1024,1,13018.850000,12953.233333,1472,11611,781131,777194,3937
chunk_ckpt,10,1.0,1024,1,12799.500000,12737.733333,1477,11065,767970,764264,3706
chunk_ckpt,10,1.0,1024,1,12995.450000,12929.483333,1435,11612,779727,775769,3958
chunk_ckpt,10,1.0,1024,1,13017.066667,12949.450000,1455,11645,781024,776967,4057
full_ckpt,10,1.0,1024,1,1455.516667,1443.533333,132,1560,87331,86612,719
full_ckpt,10,1.0,1024,1,1455.350000,1444.333333,132,1514,87321,86660,661
full_ckpt,10,1.0,1024,1,1455.350000,1444.300000,132,1557,87321,86658,663
full_ckpt,10,1.0,1024,1,1443.916667,1433.000000,131,1548,86635,85980,655
full_ckpt,10,1.0,1024,1,1438.550000,1428.333333,131,1510,86313,85700,613
grid_ckpt,10,1.0,1024,100,580343.233333,63861.133333,5,235452,34820594,3831668,30988926
grid_ckpt,10,1.0,1024,100,583831.383333,64772.466667,5,238764,35029883,3886348,31143535
grid_ckpt,10,1.0,1024,100,585806.800000,65124.916667,5,240334,35148408,3907495,31240913
grid_ckpt,10,1.0,1024,100,583676.350000,64573.000000,5,238226,35020581,3874380,31146201
grid_ckpt,10,1.0,1024,100,582915.583333,64497.700000,5,237821,34974935,3869862,31105073
chunk_ckpt,10,1.0,1024,100,79974.933333,6340.333333,0,29361,4798496,380420,4418076
chunk_ckpt,10,1.0,1024,100,79868.800000,6339.666667,0,29311,4792128,380380,4411748
chunk_ckpt,10,1.0,1024,100,79946.600000,6344.450000,0,29305,4796796,380667,4416129
chunk_ckpt,10,1.0,1024,100,79926.183333,6339.466667,0,29345,4795571,380368,4415203
chunk_ckpt,10,1.0,1024,100,79882.816667,6334.866667,0,29306,4792969,380092,4412877
full_ckpt,10,1.0,1024,100,404629.266667,33030.750000,0,133936,24277756,1981845,22295911
full_ckpt,10,1.0,1024,100,405842.900000,33115.650000,0,134368,24350574,1986939,22363635
full_ckpt,10,1.0,1024,100,403515.400000,32896.816667,0,133682,24210924,1973809,22237115
full_ckpt,10,1.0,1024,100,408040.666667,33318.216667,0,135008,24482440,1999093,22483347
full_ckpt,10,1.0,1024,100,397917.833333,32447.600000,0,131866,23875070,1946856,21928214
grid_ckpt,20,0.25,1024,1,31903.650000,31826.366667,5566,19220,1914219,1909582,4637
grid_ckpt,20,0.25,1024,1,32558.416667,32473.500000,5435,20462,1953505,1948410,5095
grid_ckpt,20,0.25,1024,1,32036.133333,31955.933333,5504,19667,1922168,1917356,4812
grid_ckpt,20,0.25,1024,1,32211.383333,32131.000000,5558,19910,1932683,1927860,4823
grid_ckpt,20,0.25,1024,1,32717.133333,32634.033333,5626,20035,1963028,1958042,4986
chunk_ckpt,20,0.25,1024,1,13117.333333,13053.666667,1449,11656,787040,783220,3820
chunk_ckpt,20,0.25,1024,1,12971.566667,12911.300000,1467,11067,778294,774678,3616
chunk_ckpt,20,0.25,1024,1,13157.400000,13093.316667,1471,11443,789444,785599,3845
chunk_ckpt,20,0.25,1024,1,12945.933333,12885.150000,1472,11040,776756,773109,3647
chunk_ckpt,20,0.25,1024,1,12876.866667,12814.333333,1478,11126,772612,768860,3752
full_ckpt,20,0.25,1024,1,1424.466667,1414.566667,130,1448,85468,84874,594
full_ckpt,20,0.25,1024,1,1426.483333,1416.033333,130,1464,85589,84962,627
full_ckpt,20,0.25,1024,1,1414.233333,1404.683333,129,1425,84854,84281,573
full_ckpt,20,0.25,1024,1,1433.666667,1423.266667,130,1502,86020,85396,624
full_ckpt,20,0.25,1024,1,1428.400000,1417.783333,130,1497,85704,85067,637
grid_ckpt,20,0.25,1024,100,1056527.250000,201588.066667,46,725016,63391635,12095284,51296351
grid_ckpt,20,0.25,1024,100,1057166.116667,201966.200000,46,725838,63429967,12117972,51311995
grid_ckpt,20,0.25,1024,100,1062473.116667,203560.550000,47,731451,63748387,12213633,51534754
grid_ckpt,20,0.25,1024,100,1069925.883333,205294.866667,47,737922,64195553,12317692,51877861
grid_ckpt,20,0.25,1024,100,1069854.083333,204790.966667,47,736608,64191245,12287458,51903787
chunk_ckpt,20,0.25,1024,100,160446.783333,12921.050000,0,55854,9626807,775263,8851544
chunk_ckpt,20,0.25,1024,100,160392.950000,12926.500000,0,55822,9623577,775590,8847987
chunk_ckpt,20,0.25,1024,100,160406.250000,12962.766667,0,55822,9624375,777766,8846609
chunk_ckpt,20,0.25,1024,100,160345.450000,12969.716667,0,55795,9620727,778183,8842544
chunk_ckpt,20,0.25,1024,100,160384.350000,12935.883333,0,55852,9623061,776153,8846908
full_ckpt,20,0.25,1024,100,389675.033333,32696.383333,0,127506,23380502,1961783,21418719
full_ckpt,20,0.25,1024,100,389464.683333,32662.866667,0,127401,23367881,1959772,21408109
full_ckpt,20,0.25,1024,100,388229.983333,32616.316667,0,127005,23293799,1956979,21336820
full_ckpt,20,0.25,1024,100,390173.750000,32678.500000,0,127612,23410425,1960710,21449715
full_ckpt,20,0.25,1024,100,386295.283333,32368.350000,0,126475,23177717,1942101,21235616
grid_ckpt,20,0.5,1024,1,33527.600000,33437.450000,5525,21457,2011656,2006247,5409
grid_ckpt,20,0.5,1024,1,32730.716667,32648.666667,5649,20275,1963843,1958920,4923
grid_ckpt,20,0.5,1024,1,32464.033333,32378.500000,5439,20522,1947842,1942710,5132
grid_ckpt,20,0.5,1024,1,32430.633333,32345.900000,5458,20340,1945838,1940754,5084
grid_ckpt,20,0.5,1024,1,31829.966667,31747.433333,5517,19871,1909798,1904846,4952
chunk_ckpt,20,0.5,1024,1,12817.550000,12753.683333,1437,11178,769053,765221,3832
chunk_ckpt,20,0.5,1024,1,12992.100000,12926.950000,1425,11485,779526,775617,3909
chunk_ckpt,20,0.5,1024,1,12956.316667,12893.383333,1462,11128,777379,773603,3776
chunk_ckpt,20,0.5,1024,1,12965.183333,12902.250000,1418,11471,777911,774135,3776
chunk_ckpt,20,0.5,1024,1,13043.416667,12980.183333,1468,11302,782605,778811,3794
full_ckpt,20,0.5,1024,1,1427.383333,1417.283333,130,1467,85643,85037,606
full_ckpt,20,0.5,1024,1,1408.783333,1398.966667,130,1437,84527,83938,589
full_ckpt,20,0.5,1024,1,1424.666667,1415.050000,130,1435,85480,84903,577
full_ckpt,20,0.5,1024,1,1424.816667,1415.166667,130,1442,85489,84910,579
full_ckpt,20,0.5,1024,1,1424.916667,1415.366667,130,1436,85495,84922,573
grid_ckpt,20,0.5,1024,100,1065178.750000,203963.400000,47,732843,63910725,12237804,51672921
grid_ckpt,20,0.5,1024,100,1073070.433333,205962.183333,47,740702,64384226,12357731,52026495
grid_ckpt,20,0.5,1024,100,1066117.533333,204114.183333,47,733669,63967052,12246851,51720201
grid_ckpt,20,0.5,1024,100,1072167.200000,205748.150000,47,740125,64330032,12344889,51985143
grid_ckpt,20,0.5,1024,100,1078781.616667,206822.483333,47,743996,64726897,12409349,52317548
chunk_ckpt,20,0.5,1024,100,160126.350000,12925.850000,0,55749,9607581,775551,8832030
chunk_ckpt,20,0.5,1024,100,160189.900000,12929.666667,0,55776,9611394,775780,8835614
chunk_ckpt,20,0.5,1024,100,160189.666667,12955.300000,0,55765,9611380,777318,8834062
chunk_ckpt,20,0.5,1024,100,160212.466667,12943.183333,0,55746,9612748,776591,8836157
chunk_ckpt,20,0.5,1024,100,160136.050000,12947.666667,0,55702,9608163,776860,8831303
full_ckpt,20,0.5,1024,100,391354.150000,32877.733333,0,127945,23481249,1972664,21508585
full_ckpt,20,0.5,1024,100,391103.316667,32820.900000,0,127904,23466199,1969254,21496945
full_ckpt,20,0.5,1024,100,389348.666667,32665.600000,0,127367,23360920,1959936,21400984
full_ckpt,20,0.5,1024,100,391569.016667,32901.650000,0,127956,23494141,1974099,21520042
full_ckpt,20,0.5,1024,100,389135.150000,32600.266667,0,127329,23348109,1956016,21392093
grid_ckpt,20,1.0,1024,1,32222.183333,32137.850000,5473,20206,1933331,1928271,5060
grid_ckpt,20,1.0,1024,1,33163.850000,33078.500000,5600,20654,1989831,1984710,5121
grid_ckpt,20,1.0,1024,1,32520.100000,32435.983333,5438,20166,1951206,1946159,5047
grid_ckpt,20,1.0,1024,1,32971.916667,32886.383333,5699,20546,1978315,1973183,5132
grid_ckpt,20,1.0,1024,1,32840.100000,32756.250000,5598,20413,1970406,1965375,5031
chunk_ckpt,20,1.0,1024,1,13059.433333,12997.850000,1481,11172,783566,779871,3695
chunk_ckpt,20,1.0,1024,1,12886.316667,12825.383333,1470,11070,773179,769523,3656
chunk_ckpt,20,1.0,1024,1,12916.916667,12854.800000,1460,11109,775015,771288,3727
chunk_ckpt,20,1.0,1024,1,13048.933333,12986.216667,1467,11256,782936,779173,3763
chunk_ckpt,20,1.0,1024,1,13103.666667,13040.550000,1479,11167,786220,782433,3787
full_ckpt,20,1.0,1024,1,1426.383333,1416.700000,130,1469,85583,85002,581
full_ckpt,20,1.0,1024,1,1427.283333,1417.116667,130,1467,85637,85027,610
full_ckpt,20,1.0,1024,1,1427.750000,1417.583333,130,1448,85665,85055,610
full_ckpt,20,1.0,1024,1,1426.950000,1416.216667,130,1436,85617,84973,644
full_ckpt,20,1.0,1024,1,1427.733333,1417.583333,130,1451,85664,85055,609
grid_ckpt,20,1.0,1024,100,1055518.266667,201153.616667,46,723369,63331096,12069217,51261879
grid_ckpt,20,1.0,1024,100,1070111.616667,205169.266667,47,737964,64206697,12310156,51896541
grid_ckpt,20,1.0,1024,100,1070625.433333,204999.666667,47,737829,64237526,12299980,51937546
grid_ckpt,20,1.0,1024,100,1064913.100000,203952.766667,47,733327,63894786,12237166,51657620
grid_ckpt,20,1.0,1024,100,1056683.850000,201840.900000,46,726010,63401031,12110454,51290577
chunk_ckpt,20,1.0,1024,100,159951.700000,12949.183333,0,55668,9597102,776951,8820151
chunk_ckpt,20,1.0,1024,100,159886.666667,12875.000000,0,55704,9593200,772500,8820700
chunk_ckpt,20,1.0,1024,100,159954.716667,12933.583333,0,55677,9597283,776015,8821268
chunk_ckpt,20,1.0,1024,100,159891.983333,12916.366667,0,55647,9593519,774982,8818537
chunk_ckpt,20,1.0,1024,100,159922.883333,12923.000000,0,55686,9595373,775380,8819993
full_ckpt,20,1.0,1024,100,388986.966667,32675.316667,0,127269,23339218,1960519,21378699
full_ckpt,20,1.0,1024,100,390464.616667,32708.433333,0,127654,23427877,1962506,21465371
full_ckpt,20,1.0,1024,100,390426.533333,32748.866667,0,127731,23425592,1964932,21460660
full_ckpt,20,1.0,1024,100,391006.750000,32843.033333,0,127838,23460405,1970582,21489823
full_ckpt,20,1.0,1024,100,390565.133333,32746.350000,0,127756,23433908,1964781,21469127
grid_ckpt,40,0.25,1024,1,32435.166667,32360.316667,5431,19732,1946110,1941619,4491
grid_ckpt,40,0.25,1024,1,32478.150000,32401.166667,5359,19775,1948689,1944070,4619
grid_ckpt,40,0.25,1024,1,32873.116667,32794.633333,5308,20451,1972387,1967678,4709
grid_ckpt,40,0.25,1024,1,32645.150000,32569.900000,5391,19603,1958709,1954194,4515
grid_ckpt,40,0.25,1024,1,32034.883333,31961.550000,5333,19429,1922093,1917693,4400
chunk_ckpt,40,0.25,1024,1,13115.016667,13059.250000,1490,10672,786901,783555,3346
chunk_ckpt,40,0.25,1024,1,13082.383333,13028.816667,1507,10577,784943,781729,3214
chunk_ckpt,40,0.25,1024,1,13216.716667,13159.850000,1505,10944,793003,789591,3412
chunk_ckpt,40,0.25,1024,1,13124.350000,13067.566667,1468,10901,787461,784054,3407
chunk_ckpt,40,0.25,1024,1,13267.283333,13213.733333,1547,10592,796037,792824,3213
full_ckpt,40,0.25,1024,1,1411.333333,1401.566667,130,1355,84680,84094,586
full_ckpt,40,0.25,1024,1,1405.400000,1396.016667,129,1482,84324,83761,563
full_ckpt,40,0.25,1024,1,1401.400000,1392.466667,129,1377,84084,83548,536
full_ckpt,40,0.25,1024,1,1402.216667,1393.100000,129,1393,84133,83586,547
full_ckpt,40,0.25,1024,1,1402.633333,1392.716667,129,1421,84158,83563,595
grid_ckpt,40,0.25,1024,100,1127742.016667,249434.683333,69,872121,67664521,14966081,52698440
grid_ckpt,40,0.25,1024,100,1143844.050000,253180.666667,70,886764,68630643,15190840,53439803
grid_ckpt,40,0.25,1024,100,1149908.100000,255012.866667,71,893137,68994486,15300772,53693714
grid_ckpt,40,0.25,1024,100,1143074.283333,252107.983333,69,883861,68584457,15126479,53457978
grid_ckpt,40,0.25,1024,100,1145362.483333,253525.550000,70,887842,68721749,15211533,53510216
chunk_ckpt,40,0.25,1024,100,279165.750000,24394.550000,0,90652,16749945,1463673,15286272
chunk_ckpt,40,0.25,1024,100,279090.583333,24429.616667,0,90632,16745435,1465777,15279658
chunk_ckpt,40,0.25,1024,100,279204.383333,24402.300000,0,90677,16752263,1464138,15288125
chunk_ckpt,40,0.25,1024,100,278307.350000,24321.033333,0,90388,16698441,1459262,15239179
chunk_ckpt,40,0.25,1024,100,278102.800000,24359.916667,0,90369,16686168,1461595,15224573
full_ckpt,40,0.25,1024,100,342521.550000,33692.050000,1,119410,20551293,2021523,18529770
full_ckpt,40,0.25,1024,100,337984.550000,33425.633333,1,117997,20279073,2005538,18273535
full_ckpt,40,0.25,1024,100,337244.150000,33415.500000,1,117785,20234649,2004930,18229719
full_ckpt,40,0.25,1024,100,338476.683333,33637.133333,2,118265,20308601,2018228,18290373
full_ckpt,40,0.25,1024,100,338844.550000,33527.150000,1,118336,20330673,2011629,18319044
grid_ckpt,40,0.5,1024,1,32957.016667,32879.350000,5369,20137,1977421,1972761,4660
grid_ckpt,40,0.5,1024,1,32832.233333,32758.400000,5267,20194,1969934,1965504,4430
grid_ckpt,40,0.5,1024,1,33042.300000,32963.966667,5365,20288,1982538,1977838,4700
grid_ckpt,40,0.5,1024,1,32895.900000,32820.050000,5345,20061,1973754,1969203,4551
grid_ckpt,40,0.5,1024,1,32616.016667,32538.816667,5397,19929,1956961,1952329,4632
chunk_ckpt,40,0.5,1024,1,13273.166667,13216.600000,1493,10910,796390,792996,3394
chunk_ckpt,40,0.5,1024,1,13083.416667,13028.350000,1508,10701,785005,781701,3304
chunk_ckpt,40,0.5,1024,1,13142.666667,13083.550000,1474,10864,788560,785013,3547
chunk_ckpt,40,0.5,1024,1,13186.033333,13131.600000,1519,10472,791162,787896,3266
chunk_ckpt,40,0.5,1024,1,13232.416667,13176.233333,1513,10794,793945,790574,3371
full_ckpt,40,0.5,1024,1,1396.800000,1387.816667,129,1305,83808,83269,539
full_ckpt,40,0.5,1024,1,1409.016667,1399.766667,129,1397,84541,83986,555
full_ckpt,40,0.5,1024,1,1408.983333,1399.833333,130,1401,84539,83990,549
full_ckpt,40,0.5,1024,1,1420.016667,1411.333333,130,1362,85201,84680,521
full_ckpt,40,0.5,1024,1,1410.416667,1400.566667,129,1401,84625,84034,591
grid_ckpt,40,0.5,1024,100,1141825.733333,253388.250000,70,886953,68509544,15203295,53306249
grid_ckpt,40,0.5,1024,100,1139278.766667,252251.250000,70,883295,68356726,15135075,53221651
grid_ckpt,40,0.5,1024,100,1136886.266667,251225.600000,69,880367,68213176,15073536,53139640
grid_ckpt,40,0.5,1024,100,1139996.666667,252243.000000,70,884124,68399800,15134580,53265220
grid_ckpt,40,0.5,1024,100,1137867.916667,251872.966667,70,881468,68272075,15112378,53159697
chunk_ckpt,40,0.5,1024,100,277552.050000,24266.350000,0,90197,16653123,1455981,15197142
chunk_ckpt,40,0.5,1024,100,279292.983333,24454.800000,0,90659,16757579,1467288,15290291
chunk_ckpt,40,0.5,1024,100,279222.983333,24475.850000,0,90624,16753379,1468551,15284828
chunk_ckpt,40,0.5,1024,100,279325.100000,24409.666667,0,90757,16759506,1464580,15294926
chunk_ckpt,40,0.5,1024,100,279032.033333,24376.100000,0,90651,16741922,1462566,15279356
full_ckpt,40,0.5,1024,100,340019.883333,33894.366667,2,118944,20401193,2033662,18367531
full_ckpt,40,0.5,1024,100,341530.600000,33719.533333,1,119074,20491836,2023172,18468664
full_ckpt,40,0.5,1024,100,339053.216667,33590.316667,2,118499,20343193,2015419,18327774
full_ckpt,40,0.5,1024,100,341831.250000,33453.533333,1,118450,20509875,2007212,18502663
full_ckpt,40,0.5,1024,100,336387.100000,33824.050000,2,118172,20183226,2029443,18153783
grid_ckpt,40,1.0,1024,1,32597.683333,32522.316667,5383,19999,1955861,1951339,4522
grid_ckpt,40,1.0,1024,1,32825.866667,32748.600000,5378,19974,1969552,1964916,4636
grid_ckpt,40,1.0,1024,1,32801.550000,32728.100000,5448,19700,1968093,1963686,4407
grid_ckpt,40,1.0,1024,1,32668.666667,32589.266667,5229,20117,1960120,1955356,4764
grid_ckpt,40,1.0,1024,1,32545.633333,32467.216667,5221,20211,1952738,1948033,4705
chunk_ckpt,40,1.0,1024,1,13225.583333,13168.916667,1481,11070,793535,790135,3400
chunk_ckpt,40,1.0,1024,1,12959.216667,12905.200000,1483,10499,777553,774312,3241
chunk_ckpt,40,1.0,1024,1,13293.500000,13235.633333,1500,11038,797610,794138,3472
chunk_ckpt,40,1.0,1024,1,12945.666667,12890.550000,1483,10657,776740,773433,3307
chunk_ckpt,40,1.0,1024,1,12993.916667,12939.166667,1478,10635,779635,776350,3285
full_ckpt,40,1.0,1024,1,1410.733333,1401.533333,129,1360,84644,84092,552
full_ckpt,40,1.0,1024,1,1409.466667,1400.750000,129,1367,84568,84045,523
full_ckpt,40,1.0,1024,1,1412.600000,1402.733333,130,1377,84756,84164,592
full_ckpt,40,1.0,1024,1,1391.516667,1382.700000,129,1325,83491,82962,529
full_ckpt,40,1.0,1024,1,1403.150000,1392.866667,129,1412,84189,83572,617
grid_ckpt,40,1.0,1024,100,1135958.033333,250896.516667,69,878656,68157482,15053791,53103691
grid_ckpt,40,1.0,1024,100,1126611.883333,249074.366667,69,871565,67596713,14944462,52652251
grid_ckpt,40,1.0,1024,100,1132382.200000,250779.583333,69,877694,67942932,15046775,52896157
grid_ckpt,40,1.0,1024,100,1142332.050000,252554.783333,70,884436,68539923,15153287,53386636
grid_ckpt,40,1.0,1024,100,1144476.016667,253308.933333,70,886766,68668561,15198536,53470025
chunk_ckpt,40,1.0,1024,100,279498.133333,24469.816667,0,90729,16769888,1468189,15301699
chunk_ckpt,40,1.0,1024,100,277415.983333,24238.966667,0,90098,16644959,1454338,15190621
chunk_ckpt,40,1.0,1024,100,279222.366667,24395.516667,0,90633,16753342,1463731,15289611
chunk_ckpt,40,1.0,1024,100,277383.933333,24265.550000,0,90067,16643036,1455933,15187103
chunk_ckpt,40,1.0,1024,100,279416.800000,24472.050000,0,90627,16765008,1468323,15296685
full_ckpt,40,1.0,1024,100,338946.833333,33550.750000,1,118412,20336810,2013045,18323765
full_ckpt,40,1.0,1024,100,339306.133333,33434.416667,1,118257,20358368,2006065,18352303
full_ckpt,40,1.0,1024,100,340345.133333,33392.833333,1,118233,20420708,2003570,18417138
full_ckpt,40,1.0,1024,100,339624.083333,33310.683333,1,117967,20377445,1998641,18378804
full_ckpt,40,1.0,1024,100,338067.933333,33212.850000,1,117525,20284076,1992771,18291305
