CKPT_TYPE,THREADS,SPEC_WINDOW,OBJECTS,M,P_SHIFT,SPEC_WINDOWS,ROLLBACKS,TOTAL_EVENTS,COMMITTED_EVENTS,FILTERED_EVENTS
grid_ckpt,10,0.25,128,1,4,74344,0,1548551,1548551,0
grid_ckpt,10,0.25,128,1,4,73873,0,1538287,1538287,0
grid_ckpt,10,0.25,128,1,4,73910,0,1538970,1538970,0
grid_ckpt,10,0.25,128,1,4,74070,0,1542304,1542304,0
grid_ckpt,10,0.25,128,1,4,73417,0,1528831,1528831,0
chunk_ckpt,10,0.25,128,1,4,21410,0,445403,445403,0
chunk_ckpt,10,0.25,128,1,4,21223,0,441407,441407,0
chunk_ckpt,10,0.25,128,1,4,21274,0,442452,442452,0
chunk_ckpt,10,0.25,128,1,4,21077,0,438176,438176,0
chunk_ckpt,10,0.25,128,1,4,21149,0,439776,439776,0
full_ckpt,10,0.25,128,1,4,1250,0,26542,26542,0
full_ckpt,10,0.25,128,1,4,1249,0,26522,26522,0
full_ckpt,10,0.25,128,1,4,1251,0,26561,26561,0
full_ckpt,10,0.25,128,1,4,1250,0,26561,26561,0
full_ckpt,10,0.25,128,1,4,1249,0,26522,26522,0
mmap_mv,10,0.25,128,1,4,21261,0,451217,451217,0
mmap_mv,10,0.25,128,1,4,20779,0,440287,440287,0
mmap_mv,10,0.25,128,1,4,20995,0,445182,445182,0
mmap_mv,10,0.25,128,1,4,20677,0,437972,437972,0
mmap_mv,10,0.25,128,1,4,21328,0,452781,452781,0
grid_ckpt,10,0.25,128,1,5,128523,0,2683209,2683209,0
grid_ckpt,10,0.25,128,1,5,129975,0,2713243,2713243,0
grid_ckpt,10,0.25,128,1,5,128343,0,2679627,2679627,0
grid_ckpt,10,0.25,128,1,5,128408,0,2680848,2680848,0
grid_ckpt,10,0.25,128,1,5,127073,0,2652743,2652743,0
chunk_ckpt,10,0.25,128,1,5,32588,0,681067,681067,0
chunk_ckpt,10,0.25,128,1,5,32545,0,680082,680082,0
chunk_ckpt,10,0.25,128,1,5,32999,0,689521,689521,0
chunk_ckpt,10,0.25,128,1,5,32566,0,680640,680640,0
chunk_ckpt,10,0.25,128,1,5,32317,0,675218,675218,0
full_ckpt,10,0.25,128,1,5,1256,0,26679,26679,0
full_ckpt,10,0.25,128,1,5,1259,0,26747,26747,0
full_ckpt,10,0.25,128,1,5,1251,0,26561,26561,0
full_ckpt,10,0.25,128,1,5,1245,0,26437,26437,0
full_ckpt,10,0.25,128,1,5,1239,0,26327,26327,0
mmap_mv,10,0.25,128,1,5,34769,0,716981,716981,0
mmap_mv,10,0.25,128,1,5,35211,0,724805,724805,0
mmap_mv,10,0.25,128,1,5,35299,0,726811,726811,0
mmap_mv,10,0.25,128,1,5,34508,0,712601,712601,0
mmap_mv,10,0.25,128,1,5,35405,0,729067,729067,0
grid_ckpt,10,0.25,128,1,6,188064,0,3918384,3918384,0
grid_ckpt,10,0.25,128,1,6,187618,0,3908801,3908801,0
grid_ckpt,10,0.25,128,1,6,188478,0,3926508,3926508,0
grid_ckpt,10,0.25,128,1,6,187377,0,3904089,3904089,0
grid_ckpt,10,0.25,128,1,6,186653,0,3888927,3888927,0
chunk_ckpt,10,0.25,128,1,6,53806,0,1120590,1120590,0
chunk_ckpt,10,0.25,128,1,6,53737,0,1118910,1118910,0
chunk_ckpt,10,0.25,128,1,6,53061,0,1104540,1104540,0
chunk_ckpt,10,0.25,128,1,6,53971,0,1124089,1124089,0
chunk_ckpt,10,0.25,128,1,6,53744,0,1119233,1119233,0
full_ckpt,10,0.25,128,1,6,1253,0,26605,26605,0
full_ckpt,10,0.25,128,1,6,1260,0,26775,26775,0
full_ckpt,10,0.25,128,1,6,1253,0,26604,26604,0
full_ckpt,10,0.25,128,1,6,1260,0,26775,26775,0
full_ckpt,10,0.25,128,1,6,1250,0,26545,26545,0
mmap_mv,10,0.25,128,1,6,35574,0,739650,739650,0
mmap_mv,10,0.25,128,1,6,60133,0,1241200,1241200,0
mmap_mv,10,0.25,128,1,6,36116,0,748846,748846,0
mmap_mv,10,0.25,128,1,6,61972,0,1274210,1274210,0
mmap_mv,10,0.25,128,1,6,62180,0,1277358,1277358,0
grid_ckpt,10,0.25,128,1,7,251910,0,5243428,5243428,0
grid_ckpt,10,0.25,128,1,7,252157,0,5248879,5248879,0
grid_ckpt,10,0.25,128,1,7,250418,0,5212024,5212024,0
grid_ckpt,10,0.25,128,1,7,249713,0,5197038,5197038,0
grid_ckpt,10,0.25,128,1,7,251525,0,5235297,5235297,0
chunk_ckpt,10,0.25,128,1,7,93804,0,1958389,1958389,0
chunk_ckpt,10,0.25,128,1,7,98222,0,2050527,2050527,0
chunk_ckpt,10,0.25,128,1,7,99340,0,2073289,2073289,0
chunk_ckpt,10,0.25,128,1,7,98948,0,2065263,2065263,0
chunk_ckpt,10,0.25,128,1,7,98208,0,2050234,2050234,0
full_ckpt,10,0.25,128,1,7,1262,0,26808,26808,0
full_ckpt,10,0.25,128,1,7,1260,0,26775,26775,0
full_ckpt,10,0.25,128,1,7,1259,0,26753,26753,0
full_ckpt,10,0.25,128,1,7,1258,0,26731,26731,0
full_ckpt,10,0.25,128,1,7,1263,0,26843,26843,0
mmap_mv,10,0.25,128,1,7,118864,0,2395229,2395229,0
mmap_mv,10,0.25,128,1,7,118954,0,2396314,2396314,0
mmap_mv,10,0.25,128,1,7,118751,0,2393294,2393294,0
mmap_mv,10,0.25,128,1,7,121776,0,2453088,2453088,0
mmap_mv,10,0.25,128,1,7,119214,0,2402123,2402123,0
grid_ckpt,10,0.25,128,1,8,296514,0,6168298,6168298,0
grid_ckpt,10,0.25,128,1,8,298984,0,6221481,6221481,0
grid_ckpt,10,0.25,128,1,8,302846,0,6302713,6302713,0
grid_ckpt,10,0.25,128,1,8,295841,0,6154189,6154189,0
grid_ckpt,10,0.25,128,1,8,297253,0,6183943,6183943,0
chunk_ckpt,10,0.25,128,1,8,158537,0,3302112,3302112,0
chunk_ckpt,10,0.25,128,1,8,165033,0,3436798,3436798,0
chunk_ckpt,10,0.25,128,1,8,161935,0,3373908,3373908,0
chunk_ckpt,10,0.25,128,1,8,165885,0,3454566,3454566,0
chunk_ckpt,10,0.25,128,1,8,165534,0,3447220,3447220,0
full_ckpt,10,0.25,128,1,8,1260,0,26769,26769,0
full_ckpt,10,0.25,128,1,8,1253,0,26603,26603,0
full_ckpt,10,0.25,128,1,8,1256,0,26677,26677,0
full_ckpt,10,0.25,128,1,8,1256,0,26679,26679,0
full_ckpt,10,0.25,128,1,8,1252,0,26587,26587,0
mmap_mv,10,0.25,128,1,8,193124,0,3858938,3858938,0
mmap_mv,10,0.25,128,1,8,193150,0,3859465,3859465,0
mmap_mv,10,0.25,128,1,8,191009,0,3814961,3814961,0
mmap_mv,10,0.25,128,1,8,194624,0,3887675,3887675,0
mmap_mv,10,0.25,128,1,8,192514,0,3846791,3846791,0
grid_ckpt,10,0.25,128,10,4,15438,0,3213024,3213024,0
grid_ckpt,10,0.25,128,10,4,15492,0,3224114,3224114,0
grid_ckpt,10,0.25,128,10,4,15474,0,3220101,3220101,0
grid_ckpt,10,0.25,128,10,4,15457,0,3216976,3216976,0
grid_ckpt,10,0.25,128,10,4,15450,0,3215246,3215246,0
chunk_ckpt,10,0.25,128,10,4,3965,0,824328,824328,0
chunk_ckpt,10,0.25,128,10,4,3950,0,821313,821313,0
chunk_ckpt,10,0.25,128,10,4,3957,0,822598,822598,0
chunk_ckpt,10,0.25,128,10,4,3962,0,823608,823608,0
chunk_ckpt,10,0.25,128,10,4,3956,0,822520,822520,0
full_ckpt,10,0.25,128,10,4,1190,0,244403,244403,0
full_ckpt,10,0.25,128,10,4,1194,0,245255,245255,0
full_ckpt,10,0.25,128,10,4,1192,0,244843,244843,0
full_ckpt,10,0.25,128,10,4,1186,0,243643,243643,0
full_ckpt,10,0.25,128,10,4,1200,0,246408,246408,0
mmap_mv,10,0.25,128,10,4,3767,0,771380,771380,0
mmap_mv,10,0.25,128,10,4,3734,0,763966,763966,0
mmap_mv,10,0.25,128,10,4,1556,0,316925,316925,0
mmap_mv,10,0.25,128,10,4,3759,0,769430,769430,0
mmap_mv,10,0.25,128,10,4,1554,0,316421,316421,0
grid_ckpt,10,0.25,128,10,5,31680,0,6598617,6598617,0
grid_ckpt,10,0.25,128,10,5,31647,0,6591653,6591653,0
grid_ckpt,10,0.25,128,10,5,31830,0,6629307,6629307,0
grid_ckpt,10,0.25,128,10,5,31713,0,6605168,6605168,0
grid_ckpt,10,0.25,128,10,5,31692,0,6600888,6600888,0
chunk_ckpt,10,0.25,128,10,5,6250,0,1295995,1295995,0
chunk_ckpt,10,0.25,128,10,5,6256,0,1297199,1297199,0
chunk_ckpt,10,0.25,128,10,5,6237,0,1293298,1293298,0
chunk_ckpt,10,0.25,128,10,5,6255,0,1297135,1297135,0
chunk_ckpt,10,0.25,128,10,5,6222,0,1290248,1290248,0
full_ckpt,10,0.25,128,10,5,1227,0,251881,251881,0
full_ckpt,10,0.25,128,10,5,1225,0,251459,251459,0
full_ckpt,10,0.25,128,10,5,1227,0,251881,251881,0
full_ckpt,10,0.25,128,10,5,1224,0,251244,251244,0
full_ckpt,10,0.25,128,10,5,1226,0,251658,251658,0
mmap_mv,10,0.25,128,10,5,6115,0,1260977,1260977,0
mmap_mv,10,0.25,128,10,5,6245,0,1288578,1288578,0
mmap_mv,10,0.25,128,10,5,6160,0,1270687,1270687,0
mmap_mv,10,0.25,128,10,5,6251,0,1289850,1289850,0
mmap_mv,10,0.25,128,10,5,6162,0,1271152,1271152,0
grid_ckpt,10,0.25,128,10,6,55213,0,11496910,11496910,0
grid_ckpt,10,0.25,128,10,6,55693,0,11597253,11597253,0
grid_ckpt,10,0.25,128,10,6,55207,0,11495437,11495437,0
grid_ckpt,10,0.25,128,10,6,55582,0,11574131,11574131,0
grid_ckpt,10,0.25,128,10,6,55576,0,11572718,11572718,0
chunk_ckpt,10,0.25,128,10,6,10260,0,2133444,2133444,0
chunk_ckpt,10,0.25,128,10,6,10257,0,2132639,2132639,0
chunk_ckpt,10,0.25,128,10,6,10339,0,2149571,2149571,0
chunk_ckpt,10,0.25,128,10,6,10303,0,2141850,2141850,0
chunk_ckpt,10,0.25,128,10,6,10310,0,2143277,2143277,0
full_ckpt,10,0.25,128,10,6,1245,0,255507,255507,0
full_ckpt,10,0.25,128,10,6,1243,0,255166,255166,0
full_ckpt,10,0.25,128,10,6,1240,0,254566,254566,0
full_ckpt,10,0.25,128,10,6,1243,0,255166,255166,0
full_ckpt,10,0.25,128,10,6,1244,0,255336,255336,0
mmap_mv,10,0.25,128,10,6,10421,0,2163534,2163534,0
mmap_mv,10,0.25,128,10,6,10434,0,2166205,2166205,0
mmap_mv,10,0.25,128,10,6,10228,0,2123734,2123734,0
mmap_mv,10,0.25,128,10,6,10616,0,2203653,2203653,0
mmap_mv,10,0.25,128,10,6,10196,0,2117251,2117251,0
grid_ckpt,10,0.25,128,10,7,96719,0,20132020,20132020,0
grid_ckpt,10,0.25,128,10,7,98140,0,20430520,20430520,0
grid_ckpt,10,0.25,128,10,7,98648,0,20536768,20536768,0
grid_ckpt,10,0.25,128,10,7,99649,0,20745856,20745856,0
grid_ckpt,10,0.25,128,10,7,98000,0,20401432,20401432,0
chunk_ckpt,10,0.25,128,10,7,19669,0,4101847,4101847,0
chunk_ckpt,10,0.25,128,10,7,19895,0,4148289,4148289,0
chunk_ckpt,10,0.25,128,10,7,19842,0,4137600,4137600,0
chunk_ckpt,10,0.25,128,10,7,19945,0,4158940,4158940,0
chunk_ckpt,10,0.25,128,10,7,19998,0,4170355,4170355,0
full_ckpt,10,0.25,128,10,7,1253,0,257134,257134,0
full_ckpt,10,0.25,128,10,7,1250,0,256512,256512,0
full_ckpt,10,0.25,128,10,7,1258,0,258147,258147,0
full_ckpt,10,0.25,128,10,7,1255,0,257544,257544,0
full_ckpt,10,0.25,128,10,7,1252,0,256943,256943,0
mmap_mv,10,0.25,128,10,7,10315,0,2140379,2140379,0
mmap_mv,10,0.25,128,10,7,20207,0,4189510,4189510,0
mmap_mv,10,0.25,128,10,7,20347,0,4219653,4219653,0
mmap_mv,10,0.25,128,10,7,20732,0,4302018,4302018,0
mmap_mv,10,0.25,128,10,7,19948,0,4136068,4136068,0
grid_ckpt,10,0.25,128,10,8,146805,0,30527833,30527833,0
grid_ckpt,10,0.25,128,10,8,147616,0,30698734,30698734,0
grid_ckpt,10,0.25,128,10,8,143892,0,29919700,29919700,0
grid_ckpt,10,0.25,128,10,8,142414,0,29611420,29611420,0
grid_ckpt,10,0.25,128,10,8,144921,0,30135578,30135578,0
chunk_ckpt,10,0.25,128,10,8,38516,0,8020101,8020101,0
chunk_ckpt,10,0.25,128,10,8,38475,0,8010895,8010895,0
chunk_ckpt,10,0.25,128,10,8,38039,0,7919028,7919028,0
chunk_ckpt,10,0.25,128,10,8,38972,0,8115099,8115099,0
chunk_ckpt,10,0.25,128,10,8,38573,0,8032567,8032567,0
full_ckpt,10,0.25,128,10,8,1258,0,258147,258147,0
full_ckpt,10,0.25,128,10,8,1258,0,258139,258139,0
full_ckpt,10,0.25,128,10,8,1255,0,257535,257535,0
full_ckpt,10,0.25,128,10,8,1249,0,256309,256309,0
full_ckpt,10,0.25,128,10,8,1257,0,257927,257927,0
mmap_mv,10,0.25,128,10,8,39009,0,8093471,8093471,0
mmap_mv,10,0.25,128,10,8,38396,0,7968382,7968382,0
mmap_mv,10,0.25,128,10,8,38645,0,8018748,8018748,0
mmap_mv,10,0.25,128,10,8,38174,0,7923232,7923232,0
mmap_mv,10,0.25,128,10,8,37468,0,7774359,7774359,0
grid_ckpt,10,0.25,128,100,4,5199,0,10827443,10827443,0
grid_ckpt,10,0.25,128,100,4,5225,0,10882476,10882476,0
grid_ckpt,10,0.25,128,100,4,5192,0,10812888,10812888,0
grid_ckpt,10,0.25,128,100,4,5197,0,10823203,10823203,0
grid_ckpt,10,0.25,128,100,4,5204,0,10838714,10838714,0
chunk_ckpt,10,0.25,128,100,4,997,0,2072670,2072670,0
chunk_ckpt,10,0.25,128,100,4,995,0,2069730,2069730,0
chunk_ckpt,10,0.25,128,100,4,996,0,2072443,2072443,0
chunk_ckpt,10,0.25,128,100,4,996,0,2070544,2070544,0
chunk_ckpt,10,0.25,128,100,4,995,0,2070232,2070232,0
full_ckpt,10,0.25,128,100,4,1100,0,2288260,2288260,0
full_ckpt,10,0.25,128,100,4,1104,0,2296409,2296409,0
full_ckpt,10,0.25,128,100,4,1102,0,2294309,2294309,0
full_ckpt,10,0.25,128,100,4,1099,0,2285119,2285119,0
full_ckpt,10,0.25,128,100,4,1102,0,2292461,2292461,0
mmap_mv,10,0.25,128,100,4,606,0,1256225,1256225,0
mmap_mv,10,0.25,128,100,4,607,0,1257273,1257273,0
mmap_mv,10,0.25,128,100,4,607,0,1257606,1257606,0
mmap_mv,10,0.25,128,100,4,606,0,1257262,1257262,0
mmap_mv,10,0.25,128,100,4,607,0,1257383,1257383,0
grid_ckpt,10,0.25,128,100,5,9524,0,19825964,19825964,0
grid_ckpt,10,0.25,128,100,5,9504,0,19783089,19783089,0
grid_ckpt,10,0.25,128,100,5,9553,0,19885491,19885491,0
grid_ckpt,10,0.25,128,100,5,9575,0,19930745,19930745,0
grid_ckpt,10,0.25,128,100,5,9506,0,19786636,19786636,0
chunk_ckpt,10,0.25,128,100,5,1891,0,3942963,3942963,0
chunk_ckpt,10,0.25,128,100,5,1893,0,3946607,3946607,0
chunk_ckpt,10,0.25,128,100,5,1891,0,3943995,3943995,0
chunk_ckpt,10,0.25,128,100,5,1893,0,3947918,3947918,0
chunk_ckpt,10,0.25,128,100,5,1891,0,3944051,3944051,0
full_ckpt,10,0.25,128,100,5,1172,0,2434875,2434875,0
full_ckpt,10,0.25,128,100,5,1170,0,2431330,2431330,0
full_ckpt,10,0.25,128,100,5,1170,0,2431330,2431330,0
full_ckpt,10,0.25,128,100,5,1164,0,2419110,2419110,0
full_ckpt,10,0.25,128,100,5,1166,0,2423240,2423240,0
mmap_mv,10,0.25,128,100,5,1168,0,2423285,2423285,0
mmap_mv,10,0.25,128,100,5,1169,0,2425351,2425351,0
mmap_mv,10,0.25,128,100,5,1170,0,2426471,2426471,0
mmap_mv,10,0.25,128,100,5,1168,0,2423625,2423625,0
mmap_mv,10,0.25,128,100,5,1169,0,2422779,2422779,0
grid_ckpt,10,0.25,128,100,6,15871,0,33012283,33012283,0
grid_ckpt,10,0.25,128,100,6,15864,0,32997082,32997082,0
grid_ckpt,10,0.25,128,100,6,15905,0,33081252,33081252,0
grid_ckpt,10,0.25,128,100,6,15965,0,33203578,33203578,0
grid_ckpt,10,0.25,128,100,6,15897,0,33064647,33064647,0
chunk_ckpt,10,0.25,128,100,6,3522,0,7332696,7332696,0
chunk_ckpt,10,0.25,128,100,6,3522,0,7332526,7332526,0
chunk_ckpt,10,0.25,128,100,6,3515,0,7320310,7320310,0
chunk_ckpt,10,0.25,128,100,6,3515,0,7320024,7320024,0
chunk_ckpt,10,0.25,128,100,6,3517,0,7325063,7325063,0
full_ckpt,10,0.25,128,100,6,1205,0,2502725,2502725,0
full_ckpt,10,0.25,128,100,6,1206,0,2504563,2504563,0
full_ckpt,10,0.25,128,100,6,1200,0,2492449,2492449,0
full_ckpt,10,0.25,128,100,6,1201,0,2494470,2494470,0
full_ckpt,10,0.25,128,100,6,1207,0,2506695,2506695,0
mmap_mv,10,0.25,128,100,6,581,0,1204247,1204247,0
mmap_mv,10,0.25,128,100,6,2212,0,4601017,4601017,0
mmap_mv,10,0.25,128,100,6,2212,0,4599854,4599854,0
mmap_mv,10,0.25,128,100,6,2209,0,4594058,4594058,0
mmap_mv,10,0.25,128,100,6,2212,0,4600545,4600545,0
grid_ckpt,10,0.25,128,100,7,24777,0,51519624,51519624,0
grid_ckpt,10,0.25,128,100,7,24874,0,51722537,51722537,0
grid_ckpt,10,0.25,128,100,7,24801,0,51571362,51571362,0
grid_ckpt,10,0.25,128,100,7,24923,0,51824199,51824199,0
grid_ckpt,10,0.25,128,100,7,24755,0,51475858,51475858,0
chunk_ckpt,10,0.25,128,100,7,6452,0,13431715,13431715,0
chunk_ckpt,10,0.25,128,100,7,6465,0,13458388,13458388,0
chunk_ckpt,10,0.25,128,100,7,6466,0,13460849,13460849,0
chunk_ckpt,10,0.25,128,100,7,6456,0,13440000,13440000,0
chunk_ckpt,10,0.25,128,100,7,6463,0,13454011,13454011,0
full_ckpt,10,0.25,128,100,7,1231,0,2555759,2555759,0
full_ckpt,10,0.25,128,100,7,1224,0,2541294,2541294,0
full_ckpt,10,0.25,128,100,7,1228,0,2549650,2549650,0
full_ckpt,10,0.25,128,100,7,1223,0,2539341,2539341,0
full_ckpt,10,0.25,128,100,7,1213,0,2518756,2518756,0
mmap_mv,10,0.25,128,100,7,4124,0,8599030,8599030,0
mmap_mv,10,0.25,128,100,7,4122,0,8596580,8596580,0
mmap_mv,10,0.25,128,100,7,4125,0,8603942,8603942,0
mmap_mv,10,0.25,128,100,7,4113,0,8578510,8578510,0
mmap_mv,10,0.25,128,100,7,4118,0,8587411,8587411,0
grid_ckpt,10,0.25,128,100,8,33305,0,69232567,69232567,0
grid_ckpt,10,0.25,128,100,8,33022,0,68643678,68643678,0
grid_ckpt,10,0.25,128,100,8,33329,0,69280779,69280779,0
grid_ckpt,10,0.25,128,100,8,33091,0,68785042,68785042,0
grid_ckpt,10,0.25,128,100,8,33421,0,69469570,69469570,0
chunk_ckpt,10,0.25,128,100,8,10940,0,22766433,22766433,0
chunk_ckpt,10,0.25,128,100,8,10962,0,22812161,22812161,0
chunk_ckpt,10,0.25,128,100,8,10951,0,22788111,22788111,0
chunk_ckpt,10,0.25,128,100,8,10954,0,22791984,22791984,0
chunk_ckpt,10,0.25,128,100,8,10950,0,22786361,22786361,0
full_ckpt,10,0.25,128,100,8,1233,0,2559955,2559955,0
full_ckpt,10,0.25,128,100,8,1226,0,2545502,2545502,0
full_ckpt,10,0.25,128,100,8,1229,0,2551594,2551594,0
full_ckpt,10,0.25,128,100,8,1232,0,2557852,2557852,0
full_ckpt,10,0.25,128,100,8,1220,0,2533039,2533039,0
mmap_mv,10,0.25,128,100,8,7168,0,14917866,14917866,0
mmap_mv,10,0.25,128,100,8,7168,0,14919356,14919356,0
mmap_mv,10,0.25,128,100,8,7165,0,14911506,14911506,0
mmap_mv,10,0.25,128,100,8,2318,0,4821299,4821299,0
mmap_mv,10,0.25,128,100,8,7163,0,14909682,14909682,0
grid_ckpt,10,0.25,1024,1,4,5146,0,860371,860371,0
grid_ckpt,10,0.25,1024,1,4,5106,0,853639,853639,0
grid_ckpt,10,0.25,1024,1,4,5051,0,844419,844419,0
grid_ckpt,10,0.25,1024,1,4,5052,0,844434,844434,0
grid_ckpt,10,0.25,1024,1,4,5068,0,847271,847271,0
chunk_ckpt,10,0.25,1024,1,4,2389,0,401686,401686,0
chunk_ckpt,10,0.25,1024,1,4,2385,0,401055,401055,0
chunk_ckpt,10,0.25,1024,1,4,2436,0,409409,409409,0
chunk_ckpt,10,0.25,1024,1,4,2386,0,401125,401125,0
chunk_ckpt,10,0.25,1024,1,4,2388,0,401481,401481,0
full_ckpt,10,0.25,1024,1,4,146,0,24435,24435,0
full_ckpt,10,0.25,1024,1,4,145,0,24249,24249,0
full_ckpt,10,0.25,1024,1,4,145,0,24249,24249,0
full_ckpt,10,0.25,1024,1,4,147,0,24608,24608,0
full_ckpt,10,0.25,1024,1,4,145,0,24249,24249,0
mmap_mv,10,0.25,1024,1,4,2595,0,435041,435041,0
mmap_mv,10,0.25,1024,1,4,2734,0,459904,459904,0
mmap_mv,10,0.25,1024,1,4,2621,0,439793,439793,0
mmap_mv,10,0.25,1024,1,4,2727,0,458791,458791,0
mmap_mv,10,0.25,1024,1,4,2567,0,430153,430153,0
grid_ckpt,10,0.25,1024,1,5,7077,0,1183244,1183244,0
grid_ckpt,10,0.25,1024,1,5,7240,0,1210967,1210967,0
grid_ckpt,10,0.25,1024,1,5,7057,0,1180076,1180076,0
grid_ckpt,10,0.25,1024,1,5,7266,0,1215385,1215385,0
grid_ckpt,10,0.25,1024,1,5,7270,0,1216330,1216330,0
chunk_ckpt,10,0.25,1024,1,5,3598,0,602701,602701,0
chunk_ckpt,10,0.25,1024,1,5,3603,0,603657,603657,0
chunk_ckpt,10,0.25,1024,1,5,3608,0,604460,604460,0
chunk_ckpt,10,0.25,1024,1,5,3606,0,604126,604126,0
chunk_ckpt,10,0.25,1024,1,5,3516,0,589048,589048,0
full_ckpt,10,0.25,1024,1,5,146,0,24435,24435,0
full_ckpt,10,0.25,1024,1,5,146,0,24435,24435,0
full_ckpt,10,0.25,1024,1,5,146,0,24435,24435,0
full_ckpt,10,0.25,1024,1,5,147,0,24608,24608,0
full_ckpt,10,0.25,1024,1,5,147,0,24608,24608,0
mmap_mv,10,0.25,1024,1,5,1150,0,188269,188269,0
mmap_mv,10,0.25,1024,1,5,3835,0,647990,647990,0
mmap_mv,10,0.25,1024,1,5,4313,0,725541,725541,0
mmap_mv,10,0.25,1024,1,5,4189,0,705328,705328,0
mmap_mv,10,0.25,1024,1,5,3786,0,639918,639918,0
grid_ckpt,10,0.25,1024,1,6,9036,0,1506476,1506476,0
grid_ckpt,10,0.25,1024,1,6,9046,0,1508086,1508086,0
grid_ckpt,10,0.25,1024,1,6,9287,0,1548449,1548449,0
grid_ckpt,10,0.25,1024,1,6,9077,0,1513206,1513206,0
grid_ckpt,10,0.25,1024,1,6,9082,0,1514099,1514099,0
chunk_ckpt,10,0.25,1024,1,6,5193,0,868404,868404,0
chunk_ckpt,10,0.25,1024,1,6,5152,0,861139,861139,0
chunk_ckpt,10,0.25,1024,1,6,5153,0,861332,861332,0
chunk_ckpt,10,0.25,1024,1,6,5410,0,904571,904571,0
chunk_ckpt,10,0.25,1024,1,6,5213,0,871816,871816,0
full_ckpt,10,0.25,1024,1,6,146,0,24435,24435,0
full_ckpt,10,0.25,1024,1,6,147,0,24608,24608,0
full_ckpt,10,0.25,1024,1,6,146,0,24435,24435,0
full_ckpt,10,0.25,1024,1,6,145,0,24249,24249,0
full_ckpt,10,0.25,1024,1,6,146,0,24435,24435,0
mmap_mv,10,0.25,1024,1,6,5628,0,954776,954776,0
mmap_mv,10,0.25,1024,1,6,5675,0,962924,962924,0
mmap_mv,10,0.25,1024,1,6,6640,0,1134241,1134241,0
mmap_mv,10,0.25,1024,1,6,6106,0,1038299,1038299,0
mmap_mv,10,0.25,1024,1,6,6369,0,1086413,1086413,0
grid_ckpt,10,0.25,1024,1,7,10756,0,1791512,1791512,0
grid_ckpt,10,0.25,1024,1,7,10833,0,1803977,1803977,0
grid_ckpt,10,0.25,1024,1,7,10456,0,1742559,1742559,0
grid_ckpt,10,0.25,1024,1,7,10796,0,1798131,1798131,0
grid_ckpt,10,0.25,1024,1,7,10386,0,1731254,1731254,0
chunk_ckpt,10,0.25,1024,1,7,8397,0,1403659,1403659,0
chunk_ckpt,10,0.25,1024,1,7,7951,0,1329527,1329527,0
chunk_ckpt,10,0.25,1024,1,7,8094,0,1353652,1353652,0
chunk_ckpt,10,0.25,1024,1,7,8588,0,1434200,1434200,0
chunk_ckpt,10,0.25,1024,1,7,7904,0,1321506,1321506,0
full_ckpt,10,0.25,1024,1,7,146,0,24435,24435,0
full_ckpt,10,0.25,1024,1,7,146,0,24435,24435,0
full_ckpt,10,0.25,1024,1,7,145,0,24249,24249,0
full_ckpt,10,0.25,1024,1,7,146,0,24435,24435,0
full_ckpt,10,0.25,1024,1,7,147,0,24608,24608,0
mmap_mv,10,0.25,1024,1,7,10138,0,1723827,1723827,0
mmap_mv,10,0.25,1024,1,7,10486,0,1780404,1780404,0
mmap_mv,10,0.25,1024,1,7,10484,0,1780297,1780297,0
mmap_mv,10,0.25,1024,1,7,9108,0,1557485,1557485,0
mmap_mv,10,0.25,1024,1,7,10529,0,1787410,1787410,0
grid_ckpt,10,0.25,1024,1,8,11435,0,1902197,1902197,0
grid_ckpt,10,0.25,1024,1,8,11955,0,1988637,1988637,0
grid_ckpt,10,0.25,1024,1,8,11938,0,1985606,1985606,0
grid_ckpt,10,0.25,1024,1,8,11446,0,1904003,1904003,0
grid_ckpt,10,0.25,1024,1,8,11477,0,1909144,1909144,0
chunk_ckpt,10,0.25,1024,1,8,12497,0,2078644,2078644,0
chunk_ckpt,10,0.25,1024,1,8,12175,0,2025035,2025035,0
chunk_ckpt,10,0.25,1024,1,8,12415,0,2065115,2065115,0
chunk_ckpt,10,0.25,1024,1,8,12210,0,2030936,2030936,0
chunk_ckpt,10,0.25,1024,1,8,11523,0,1917013,1917013,0
full_ckpt,10,0.25,1024,1,8,147,0,24608,24608,0
full_ckpt,10,0.25,1024,1,8,146,0,24435,24435,0
full_ckpt,10,0.25,1024,1,8,145,0,24249,24249,0
full_ckpt,10,0.25,1024,1,8,146,0,24435,24435,0
full_ckpt,10,0.25,1024,1,8,147,0,24608,24608,0
mmap_mv,10,0.25,1024,1,8,15589,0,2628029,2628029,0
mmap_mv,10,0.25,1024,1,8,15477,0,2609192,2609192,0
mmap_mv,10,0.25,1024,1,8,7362,0,1240457,1240457,0
mmap_mv,10,0.25,1024,1,8,13354,0,2251838,2251838,0
mmap_mv,10,0.25,1024,1,8,5325,0,893975,893975,0
grid_ckpt,10,0.25,1024,10,4,1444,0,2398233,2398233,0
grid_ckpt,10,0.25,1024,10,4,1438,0,2388124,2388124,0
grid_ckpt,10,0.25,1024,10,4,1445,0,2399383,2399383,0
grid_ckpt,10,0.25,1024,10,4,1438,0,2388050,2388050,0
grid_ckpt,10,0.25,1024,10,4,1436,0,2384246,2384246,0
chunk_ckpt,10,0.25,1024,10,4,473,0,780123,780123,0
chunk_ckpt,10,0.25,1024,10,4,473,0,780641,780641,0
chunk_ckpt,10,0.25,1024,10,4,474,0,781723,781723,0
chunk_ckpt,10,0.25,1024,10,4,474,0,782232,782232,0
chunk_ckpt,10,0.25,1024,10,4,474,0,782467,782467,0
full_ckpt,10,0.25,1024,10,4,139,0,235512,235512,0
full_ckpt,10,0.25,1024,10,4,139,0,235512,235512,0
full_ckpt,10,0.25,1024,10,4,139,0,235512,235512,0
full_ckpt,10,0.25,1024,10,4,138,0,233866,233866,0
full_ckpt,10,0.25,1024,10,4,140,0,237105,237105,0
mmap_mv,10,0.25,1024,10,4,465,0,778043,778043,0
mmap_mv,10,0.25,1024,10,4,461,0,772374,772374,0
mmap_mv,10,0.25,1024,10,4,476,0,797746,797746,0
mmap_mv,10,0.25,1024,10,4,466,0,779570,779570,0
mmap_mv,10,0.25,1024,10,4,475,0,796409,796409,0
grid_ckpt,10,0.25,1024,10,5,2542,0,4231106,4231106,0
grid_ckpt,10,0.25,1024,10,5,2510,0,4178343,4178343,0
grid_ckpt,10,0.25,1024,10,5,2518,0,4192818,4192818,0
grid_ckpt,10,0.25,1024,10,5,2539,0,4226848,4226848,0
grid_ckpt,10,0.25,1024,10,5,2539,0,4227417,4227417,0
chunk_ckpt,10,0.25,1024,10,5,715,0,1179900,1179900,0
chunk_ckpt,10,0.25,1024,10,5,714,0,1179594,1179594,0
chunk_ckpt,10,0.25,1024,10,5,715,0,1180194,1180194,0
chunk_ckpt,10,0.25,1024,10,5,717,0,1184231,1184231,0
chunk_ckpt,10,0.25,1024,10,5,718,0,1185372,1185372,0
full_ckpt,10,0.25,1024,10,5,141,0,238519,238519,0
full_ckpt,10,0.25,1024,10,5,141,0,238519,238519,0
full_ckpt,10,0.25,1024,10,5,142,0,240141,240141,0
full_ckpt,10,0.25,1024,10,5,141,0,238519,238519,0
full_ckpt,10,0.25,1024,10,5,142,0,240141,240141,0
mmap_mv,10,0.25,1024,10,5,764,0,1273014,1273014,0
mmap_mv,10,0.25,1024,10,5,709,0,1184085,1184085,0
mmap_mv,10,0.25,1024,10,5,709,0,1183390,1183390,0
mmap_mv,10,0.25,1024,10,5,740,0,1234638,1234638,0
mmap_mv,10,0.25,1024,10,5,145,0,250458,250458,0
grid_ckpt,10,0.25,1024,10,6,4155,0,6917601,6917601,0
grid_ckpt,10,0.25,1024,10,6,4149,0,6906554,6906554,0
grid_ckpt,10,0.25,1024,10,6,4076,0,6785764,6785764,0
grid_ckpt,10,0.25,1024,10,6,4172,0,6945120,6945120,0
grid_ckpt,10,0.25,1024,10,6,4073,0,6780063,6780063,0
chunk_ckpt,10,0.25,1024,10,6,1108,0,1836256,1836256,0
chunk_ckpt,10,0.25,1024,10,6,1107,0,1833724,1833724,0
chunk_ckpt,10,0.25,1024,10,6,1098,0,1819252,1819252,0
chunk_ckpt,10,0.25,1024,10,6,1102,0,1826696,1826696,0
chunk_ckpt,10,0.25,1024,10,6,1098,0,1819417,1819417,0
full_ckpt,10,0.25,1024,10,6,144,0,243438,243438,0
full_ckpt,10,0.25,1024,10,6,144,0,243438,243438,0
full_ckpt,10,0.25,1024,10,6,143,0,241847,241847,0
full_ckpt,10,0.25,1024,10,6,144,0,243438,243438,0
full_ckpt,10,0.25,1024,10,6,144,0,243438,243438,0
mmap_mv,10,0.25,1024,10,6,1117,0,1846728,1846728,0
mmap_mv,10,0.25,1024,10,6,1130,0,1865651,1865651,0
mmap_mv,10,0.25,1024,10,6,1189,0,1957227,1957227,0
mmap_mv,10,0.25,1024,10,6,1196,0,1969537,1969537,0
mmap_mv,10,0.25,1024,10,6,1134,0,1872288,1872288,0
grid_ckpt,10,0.25,1024,10,7,5760,0,9589421,9589421,0
grid_ckpt,10,0.25,1024,10,7,5787,0,9633692,9633692,0
grid_ckpt,10,0.25,1024,10,7,5750,0,9572945,9572945,0
grid_ckpt,10,0.25,1024,10,7,5731,0,9540772,9540772,0
grid_ckpt,10,0.25,1024,10,7,5885,0,9798047,9798047,0
chunk_ckpt,10,0.25,1024,10,7,1815,0,3017063,3017063,0
chunk_ckpt,10,0.25,1024,10,7,1833,0,3045116,3045116,0
chunk_ckpt,10,0.25,1024,10,7,1824,0,3031799,3031799,0
chunk_ckpt,10,0.25,1024,10,7,1814,0,3015910,3015910,0
chunk_ckpt,10,0.25,1024,10,7,1821,0,3026618,3026618,0
full_ckpt,10,0.25,1024,10,7,145,0,245095,245095,0
full_ckpt,10,0.25,1024,10,7,144,0,243438,243438,0
full_ckpt,10,0.25,1024,10,7,144,0,243438,243438,0
full_ckpt,10,0.25,1024,10,7,144,0,243438,243438,0
full_ckpt,10,0.25,1024,10,7,146,0,246795,246795,0
mmap_mv,10,0.25,1024,10,7,1824,0,3009751,3009751,0
mmap_mv,10,0.25,1024,10,7,1996,0,3296250,3296250,0
mmap_mv,10,0.25,1024,10,7,2015,0,3329879,3329879,0
mmap_mv,10,0.25,1024,10,7,2015,0,3329579,3329579,0
mmap_mv,10,0.25,1024,10,7,1826,0,3013535,3013535,0
grid_ckpt,10,0.25,1024,10,8,7962,0,13258227,13258227,0
grid_ckpt,10,0.25,1024,10,8,7787,0,12966073,12966073,0
grid_ckpt,10,0.25,1024,10,8,7685,0,12793936,12793936,0
grid_ckpt,10,0.25,1024,10,8,7975,0,13279643,13279643,0
grid_ckpt,10,0.25,1024,10,8,7694,0,12810623,12810623,0
chunk_ckpt,10,0.25,1024,10,8,2831,0,4710682,4710682,0
chunk_ckpt,10,0.25,1024,10,8,2832,0,4714352,4714352,0
chunk_ckpt,10,0.25,1024,10,8,2824,0,4700233,4700233,0
chunk_ckpt,10,0.25,1024,10,8,2813,0,4681212,4681212,0
chunk_ckpt,10,0.25,1024,10,8,2806,0,4669552,4669552,0
full_ckpt,10,0.25,1024,10,8,145,0,245095,245095,0
full_ckpt,10,0.25,1024,10,8,146,0,246795,246795,0
full_ckpt,10,0.25,1024,10,8,145,0,245095,245095,0
full_ckpt,10,0.25,1024,10,8,145,0,245095,245095,0
full_ckpt,10,0.25,1024,10,8,145,0,245095,245095,0
mmap_mv,10,0.25,1024,10,8,2938,0,4853335,4853335,0
mmap_mv,10,0.25,1024,10,8,2734,0,4513686,4513686,0
mmap_mv,10,0.25,1024,10,8,2720,0,4488836,4488836,0
mmap_mv,10,0.25,1024,10,8,988,0,1644780,1644780,0
mmap_mv,10,0.25,1024,10,8,2714,0,4479252,4479252,0
grid_ckpt,10,0.25,1024,100,4,637,0,10593725,10593725,0
grid_ckpt,10,0.25,1024,100,4,636,0,10580337,10580337,0
grid_ckpt,10,0.25,1024,100,4,638,0,10608600,10608600,0
grid_ckpt,10,0.25,1024,100,4,639,0,10629777,10629777,0
grid_ckpt,10,0.25,1024,100,4,635,0,10553292,10553292,0
chunk_ckpt,10,0.25,1024,100,4,126,0,2160813,2160813,0
chunk_ckpt,10,0.25,1024,100,4,125,0,2157964,2157964,0
chunk_ckpt,10,0.25,1024,100,4,126,0,2158377,2158377,0
chunk_ckpt,10,0.25,1024,100,4,126,0,2163164,2163164,0
chunk_ckpt,10,0.25,1024,100,4,126,0,2161324,2161324,0
full_ckpt,10,0.25,1024,100,4,128,0,2164784,2164784,0
full_ckpt,10,0.25,1024,100,4,128,0,2164784,2164784,0
full_ckpt,10,0.25,1024,100,4,128,0,2164784,2164784,0
full_ckpt,10,0.25,1024,100,4,128,0,2164784,2164784,0
full_ckpt,10,0.25,1024,100,4,128,0,2164784,2164784,0
mmap_mv,10,0.25,1024,100,4,67,0,1250034,1250034,0
mmap_mv,10,0.25,1024,100,4,67,0,1250571,1250571,0
mmap_mv,10,0.25,1024,100,4,67,0,1253098,1253098,0
mmap_mv,10,0.25,1024,100,4,67,0,1252196,1252196,0
mmap_mv,10,0.25,1024,100,4,67,0,1251492,1251492,0
grid_ckpt,10,0.25,1024,100,5,1129,0,18805747,18805747,0
grid_ckpt,10,0.25,1024,100,5,1126,0,18753783,18753783,0
grid_ckpt,10,0.25,1024,100,5,1134,0,18880127,18880127,0
grid_ckpt,10,0.25,1024,100,5,1130,0,18835941,18835941,0
grid_ckpt,10,0.25,1024,100,5,1130,0,18814679,18814679,0
chunk_ckpt,10,0.25,1024,100,5,244,0,4093028,4093028,0
chunk_ckpt,10,0.25,1024,100,5,245,0,4100287,4100287,0
chunk_ckpt,10,0.25,1024,100,5,245,0,4101294,4101294,0
chunk_ckpt,10,0.25,1024,100,5,244,0,4095416,4095416,0
chunk_ckpt,10,0.25,1024,100,5,244,0,4095400,4095400,0
full_ckpt,10,0.25,1024,100,5,135,0,2271014,2271014,0
full_ckpt,10,0.25,1024,100,5,134,0,2263576,2263576,0
full_ckpt,10,0.25,1024,100,5,134,0,2260557,2260557,0
full_ckpt,10,0.25,1024,100,5,134,0,2262931,2262931,0
full_ckpt,10,0.25,1024,100,5,134,0,2260557,2260557,0
mmap_mv,10,0.25,1024,100,5,136,0,2339900,2339900,0
mmap_mv,10,0.25,1024,100,5,136,0,2337942,2337942,0
mmap_mv,10,0.25,1024,100,5,9,0,229303,229303,0
mmap_mv,10,0.25,1024,100,5,136,0,2339228,2339228,0
mmap_mv,10,0.25,1024,100,5,136,0,2335744,2335744,0
grid_ckpt,10,0.25,1024,100,6,1832,0,30525094,30525094,0
grid_ckpt,10,0.25,1024,100,6,1819,0,30300086,30300086,0
grid_ckpt,10,0.25,1024,100,6,1812,0,30189972,30189972,0
grid_ckpt,10,0.25,1024,100,6,1832,0,30531330,30531330,0
grid_ckpt,10,0.25,1024,100,6,1832,0,30509082,30509082,0
chunk_ckpt,10,0.25,1024,100,6,453,0,7528992,7528992,0
chunk_ckpt,10,0.25,1024,100,6,453,0,7543018,7543018,0
chunk_ckpt,10,0.25,1024,100,6,454,0,7545422,7545422,0
chunk_ckpt,10,0.25,1024,100,6,453,0,7538225,7538225,0
chunk_ckpt,10,0.25,1024,100,6,453,0,7539924,7539924,0
full_ckpt,10,0.25,1024,100,6,139,0,2344037,2344037,0
full_ckpt,10,0.25,1024,100,6,138,0,2327585,2327585,0
full_ckpt,10,0.25,1024,100,6,137,0,2310775,2310775,0
full_ckpt,10,0.25,1024,100,6,138,0,2327585,2327585,0
full_ckpt,10,0.25,1024,100,6,138,0,2327585,2327585,0
mmap_mv,10,0.25,1024,100,6,248,0,4154132,4154132,0
mmap_mv,10,0.25,1024,100,6,24,0,525174,525174,0
mmap_mv,10,0.25,1024,100,6,249,0,4159284,4159284,0
mmap_mv,10,0.25,1024,100,6,249,0,4160207,4160207,0
mmap_mv,10,0.25,1024,100,6,249,0,4162138,4162138,0
grid_ckpt,10,0.25,1024,100,7,2723,0,45355951,45355951,0
grid_ckpt,10,0.25,1024,100,7,2678,0,44593078,44593078,0
grid_ckpt,10,0.25,1024,100,7,2707,0,45086182,45086182,0
grid_ckpt,10,0.25,1024,100,7,2728,0,45437281,45437281,0
grid_ckpt,10,0.25,1024,100,7,2719,0,45296001,45296001,0
chunk_ckpt,10,0.25,1024,100,7,813,0,13536769,13536769,0
chunk_ckpt,10,0.25,1024,100,7,814,0,13552387,13552387,0
chunk_ckpt,10,0.25,1024,100,7,815,0,13564126,13564126,0
chunk_ckpt,10,0.25,1024,100,7,814,0,13558006,13558006,0
chunk_ckpt,10,0.25,1024,100,7,813,0,13536217,13536217,0
full_ckpt,10,0.25,1024,100,7,140,0,2358598,2358598,0
full_ckpt,10,0.25,1024,100,7,140,0,2369514,2369514,0
full_ckpt,10,0.25,1024,100,7,140,0,2358598,2358598,0
full_ckpt,10,0.25,1024,100,7,139,0,2341858,2341858,0
full_ckpt,10,0.25,1024,100,7,139,0,2341858,2341858,0
mmap_mv,10,0.25,1024,100,7,419,0,6975229,6975229,0
mmap_mv,10,0.25,1024,100,7,420,0,7004336,7004336,0
mmap_mv,10,0.25,1024,100,7,422,0,7022599,7022599,0
mmap_mv,10,0.25,1024,100,7,421,0,7010717,7010717,0
mmap_mv,10,0.25,1024,100,7,421,0,7014444,7014444,0
grid_ckpt,10,0.25,1024,100,8,3433,0,57160061,57160061,0
grid_ckpt,10,0.25,1024,100,8,3540,0,58945914,58945914,0
grid_ckpt,10,0.25,1024,100,8,3531,0,58786685,58786685,0
grid_ckpt,10,0.25,1024,100,8,3456,0,57527765,57527765,0
grid_ckpt,10,0.25,1024,100,8,3558,0,59240139,59240139,0
chunk_ckpt,10,0.25,1024,100,8,1345,0,22388897,22388897,0
chunk_ckpt,10,0.25,1024,100,8,1335,0,22226277,22226277,0
chunk_ckpt,10,0.25,1024,100,8,1337,0,22254226,22254226,0
chunk_ckpt,10,0.25,1024,100,8,1348,0,22446192,22446192,0
chunk_ckpt,10,0.25,1024,100,8,1344,0,22364338,22364338,0
full_ckpt,10,0.25,1024,100,8,142,0,2389867,2389867,0
full_ckpt,10,0.25,1024,100,8,141,0,2375285,2375285,0
full_ckpt,10,0.25,1024,100,8,141,0,2371192,2371192,0
full_ckpt,10,0.25,1024,100,8,140,0,2358598,2358598,0
full_ckpt,10,0.25,1024,100,8,141,0,2375285,2375285,0
mmap_mv,10,0.25,1024,100,8,631,0,10473127,10473127,0
mmap_mv,10,0.25,1024,100,8,636,0,10578189,10578189,0
mmap_mv,10,0.25,1024,100,8,636,0,10568122,10568122,0
mmap_mv,10,0.25,1024,100,8,106,0,1850601,1850601,0
mmap_mv,10,0.25,1024,100,8,632,0,10497219,10497219,0
grid_ckpt,10,0.5,128,1,4,43254,1760,1807823,1807518,305
grid_ckpt,10,0.5,128,1,4,43543,1752,1819671,1819365,306
grid_ckpt,10,0.5,128,1,4,43143,1737,1803046,1802751,295
grid_ckpt,10,0.5,128,1,4,43187,1736,1804987,1804699,288
grid_ckpt,10,0.5,128,1,4,43234,1745,1806915,1806617,298
chunk_ckpt,10,0.5,128,1,4,11812,500,492249,492167,82
chunk_ckpt,10,0.5,128,1,4,11814,500,492335,492260,75
chunk_ckpt,10,0.5,128,1,4,11771,492,490411,490333,78
chunk_ckpt,10,0.5,128,1,4,11733,501,488773,488690,83
chunk_ckpt,10,0.5,128,1,4,11813,498,492263,492184,79
full_ckpt,10,0.5,128,1,4,1234,56,52826,52820,6
full_ckpt,10,0.5,128,1,4,1240,57,53100,53093,7
full_ckpt,10,0.5,128,1,4,1231,56,52690,52684,6
full_ckpt,10,0.5,128,1,4,1234,56,52826,52820,6
full_ckpt,10,0.5,128,1,4,1237,57,52972,52965,7
mmap_mv,10,0.5,128,1,4,11748,504,490408,490328,80
mmap_mv,10,0.5,128,1,4,12329,504,495971,495889,82
mmap_mv,10,0.5,128,1,4,11758,529,485225,485133,92
mmap_mv,10,0.5,128,1,4,11642,501,478789,478687,102
mmap_mv,10,0.5,128,1,4,11696,490,481407,481300,107
grid_ckpt,10,0.5,128,1,5,82834,3431,3439048,3438485,563
grid_ckpt,10,0.5,128,1,5,82604,3302,3444453,3443892,561
grid_ckpt,10,0.5,128,1,5,83121,3344,3466254,3465696,558
grid_ckpt,10,0.5,128,1,5,82429,3325,3431933,3431349,584
grid_ckpt,10,0.5,128,1,5,83024,3323,3461972,3461410,562
chunk_ckpt,10,0.5,128,1,5,18402,773,769207,769073,134
chunk_ckpt,10,0.5,128,1,5,18353,766,767216,767087,129
chunk_ckpt,10,0.5,128,1,5,18491,770,772960,772825,135
chunk_ckpt,10,0.5,128,1,5,18466,769,771862,771725,137
chunk_ckpt,10,0.5,128,1,5,18505,771,773463,773333,130
full_ckpt,10,0.5,128,1,5,1244,58,53279,53272,7
full_ckpt,10,0.5,128,1,5,1247,58,53406,53399,7
full_ckpt,10,0.5,128,1,5,1245,60,53332,53325,7
full_ckpt,10,0.5,128,1,5,1245,57,53316,53309,7
full_ckpt,10,0.5,128,1,5,1247,58,53406,53399,7
mmap_mv,10,0.5,128,1,5,19988,783,814801,814672,129
mmap_mv,10,0.5,128,1,5,19694,788,791230,791069,161
mmap_mv,10,0.5,128,1,5,19905,786,794689,794553,136
mmap_mv,10,0.5,128,1,5,19664,804,793770,793641,129
mmap_mv,10,0.5,128,1,5,19314,807,774738,774591,147
grid_ckpt,10,0.5,128,1,6,135434,5534,5584407,5583491,916
grid_ckpt,10,0.5,128,1,6,134436,5561,5557253,5556310,943
grid_ckpt,10,0.5,128,1,6,133494,5471,5520855,5519955,900
grid_ckpt,10,0.5,128,1,6,135215,5507,5634046,5633137,909
grid_ckpt,10,0.5,128,1,6,135964,5397,5573929,5573035,894
chunk_ckpt,10,0.5,128,1,6,30263,1228,1264078,1263853,225
chunk_ckpt,10,0.5,128,1,6,30294,1220,1265335,1265116,219
chunk_ckpt,10,0.5,128,1,6,29833,1205,1245941,1245728,213
chunk_ckpt,10,0.5,128,1,6,30418,1219,1270478,1270259,219
chunk_ckpt,10,0.5,128,1,6,30127,1226,1258285,1258064,221
full_ckpt,10,0.5,128,1,6,1249,59,53489,53483,6
full_ckpt,10,0.5,128,1,6,1251,57,53584,53578,6
full_ckpt,10,0.5,128,1,6,1251,58,53586,53579,7
full_ckpt,10,0.5,128,1,6,1251,58,53588,53581,7
full_ckpt,10,0.5,128,1,6,1251,56,53576,53570,6
mmap_mv,10,0.5,128,1,6,33919,1342,1358904,1358666,238
mmap_mv,10,0.5,128,1,6,33983,1368,1370685,1370437,248
mmap_mv,10,0.5,128,1,6,34643,1373,1393820,1393590,230
mmap_mv,10,0.5,128,1,6,19089,834,781305,781149,156
mmap_mv,10,0.5,128,1,6,34865,1386,1399695,1399450,245
grid_ckpt,10,0.5,128,1,7,200414,8298,8308408,8307054,1354
grid_ckpt,10,0.5,128,1,7,200827,8344,8364071,8362719,1352
grid_ckpt,10,0.5,128,1,7,201291,8424,8366821,8365424,1397
grid_ckpt,10,0.5,128,1,7,202167,8364,8426314,8424930,1384
grid_ckpt,10,0.5,128,1,7,200230,8374,8324355,8322948,1407
chunk_ckpt,10,0.5,128,1,7,56702,2320,2372176,2371762,414
chunk_ckpt,10,0.5,128,1,7,55741,2259,2326981,2326586,395
chunk_ckpt,10,0.5,128,1,7,55840,2291,2336184,2335784,400
chunk_ckpt,10,0.5,128,1,7,57047,2347,2386781,2386367,414
chunk_ckpt,10,0.5,128,1,7,55516,2231,2315721,2315342,379
full_ckpt,10,0.5,128,1,7,1256,59,53834,53828,6
full_ckpt,10,0.5,128,1,7,1240,60,53111,53104,7
full_ckpt,10,0.5,128,1,7,1253,58,53688,53682,6
full_ckpt,10,0.5,128,1,7,1254,59,53737,53730,7
full_ckpt,10,0.5,128,1,7,1252,58,53627,53621,6
mmap_mv,10,0.5,128,1,7,67488,2676,2726950,2726497,453
mmap_mv,10,0.5,128,1,7,67992,2837,2760842,2760367,475
mmap_mv,10,0.5,128,1,7,67410,2699,2736722,2736263,459
mmap_mv,10,0.5,128,1,7,38781,1546,1555430,1555156,274
mmap_mv,10,0.5,128,1,7,68996,2844,2806919,2806428,491
grid_ckpt,10,0.5,128,1,8,261894,10443,10601113,10599397,1716
grid_ckpt,10,0.5,128,1,8,265704,10686,10739947,10738188,1759
grid_ckpt,10,0.5,128,1,8,258734,10371,10430141,10428425,1716
grid_ckpt,10,0.5,128,1,8,259471,11050,10763646,10761745,1901
grid_ckpt,10,0.5,128,1,8,258627,10660,10535027,10533207,1820
chunk_ckpt,10,0.5,128,1,8,105299,4220,4317413,4316712,701
chunk_ckpt,10,0.5,128,1,8,105774,4259,4309839,4309164,675
chunk_ckpt,10,0.5,128,1,8,104491,4145,4296933,4296211,722
chunk_ckpt,10,0.5,128,1,8,104183,4072,4281119,4280454,665
chunk_ckpt,10,0.5,128,1,8,101828,4135,4241528,4240843,685
full_ckpt,10,0.5,128,1,8,1248,60,53441,53434,7
full_ckpt,10,0.5,128,1,8,1249,58,53487,53481,6
full_ckpt,10,0.5,128,1,8,1250,61,53536,53529,7
full_ckpt,10,0.5,128,1,8,1256,59,53835,53828,7
full_ckpt,10,0.5,128,1,8,1257,59,53885,53878,7
mmap_mv,10,0.5,128,1,8,113830,4855,4682072,4681209,863
mmap_mv,10,0.5,128,1,8,116044,4855,4745735,4744856,879
mmap_mv,10,0.5,128,1,8,115568,4778,4740070,4739192,878
mmap_mv,10,0.5,128,1,8,116710,4694,4754655,4753813,842
mmap_mv,10,0.5,128,1,8,117927,4729,4726335,4725523,812
grid_ckpt,10,0.5,128,10,4,11198,35017,4591963,4504917,87046
grid_ckpt,10,0.5,128,10,4,11219,35160,4600116,4512559,87557
grid_ckpt,10,0.5,128,10,4,11160,35385,4569669,4481318,88351
grid_ckpt,10,0.5,128,10,4,11159,34919,4579594,4492324,87270
grid_ckpt,10,0.5,128,10,4,11175,35167,4580674,4493060,87614
chunk_ckpt,10,0.5,128,10,4,2845,9175,1192384,1169259,23125
chunk_ckpt,10,0.5,128,10,4,2841,9315,1189321,1165726,23595
chunk_ckpt,10,0.5,128,10,4,2837,9300,1193968,1169984,23984
chunk_ckpt,10,0.5,128,10,4,2841,9266,1192616,1169237,23379
chunk_ckpt,10,0.5,128,10,4,2836,9347,1189614,1165778,23836
full_ckpt,10,0.5,128,10,4,1135,3669,475676,466319,9357
full_ckpt,10,0.5,128,10,4,1133,3691,475297,465772,9525
full_ckpt,10,0.5,128,10,4,1133,3760,478084,468329,9755
full_ckpt,10,0.5,128,10,4,1135,3729,474686,465155,9531
full_ckpt,10,0.5,128,10,4,1140,3600,475186,466004,9182
mmap_mv,10,0.5,128,10,4,2254,7100,937205,918481,18724
mmap_mv,10,0.5,128,10,4,2255,7263,938409,919399,19010
mmap_mv,10,0.5,128,10,4,797,2489,329191,322828,6363
mmap_mv,10,0.5,128,10,4,789,2465,328586,322126,6460
mmap_mv,10,0.5,128,10,4,2241,7250,943503,924293,19210
grid_ckpt,10,0.5,128,10,5,22823,67916,9064226,8899471,164755
grid_ckpt,10,0.5,128,10,5,22870,66133,8897221,8740609,156612
grid_ckpt,10,0.5,128,10,5,23051,66604,8976897,8818861,158036
grid_ckpt,10,0.5,128,10,5,22912,66927,8997334,8837347,159987
grid_ckpt,10,0.5,128,10,5,22876,66460,8961285,8802450,158835
chunk_ckpt,10,0.5,128,10,5,4719,15148,1960043,1922060,37983
chunk_ckpt,10,0.5,128,10,5,4699,14961,1948703,1910883,37820
chunk_ckpt,10,0.5,128,10,5,4684,15168,1950315,1912102,38213
chunk_ckpt,10,0.5,128,10,5,4686,15154,1961652,1923137,38515
chunk_ckpt,10,0.5,128,10,5,4720,15097,1957388,1919812,37576
full_ckpt,10,0.5,128,10,5,1184,3662,487994,478672,9322
full_ckpt,10,0.5,128,10,5,1188,3755,492546,483138,9408
full_ckpt,10,0.5,128,10,5,1184,3796,487238,477736,9502
full_ckpt,10,0.5,128,10,5,1184,3715,488018,478698,9320
full_ckpt,10,0.5,128,10,5,1187,3657,489204,479983,9221
mmap_mv,10,0.5,128,10,5,4047,13150,1686761,1651861,34900
mmap_mv,10,0.5,128,10,5,3980,12790,1669296,1635109,34187
mmap_mv,10,0.5,128,10,5,4035,12982,1682589,1648362,34227
mmap_mv,10,0.5,128,10,5,1543,4864,646423,633486,12937
mmap_mv,10,0.5,128,10,5,3961,12999,1660295,1625990,34305
grid_ckpt,10,0.5,128,10,6,41744,106055,15115334,14881052,234282
grid_ckpt,10,0.5,128,10,6,41546,108520,15316935,15072157,244778
grid_ckpt,10,0.5,128,10,6,41460,108028,15264346,15020924,243422
grid_ckpt,10,0.5,128,10,6,41294,108228,15195729,14952625,243104
grid_ckpt,10,0.5,128,10,6,41816,106482,15143168,14907271,235897
chunk_ckpt,10,0.5,128,10,6,7861,24433,3207094,3146666,60428
chunk_ckpt,10,0.5,128,10,6,7914,25108,3270977,3208321,62656
chunk_ckpt,10,0.5,128,10,6,7870,24485,3208474,3147971,60503
chunk_ckpt,10,0.5,128,10,6,7877,25060,3260958,3197934,63024
chunk_ckpt,10,0.5,128,10,6,7956,25119,3275712,3212533,63179
full_ckpt,10,0.5,128,10,6,1207,3839,496491,487018,9473
full_ckpt,10,0.5,128,10,6,1200,3767,491786,482327,9459
full_ckpt,10,0.5,128,10,6,1200,3730,488799,479444,9355
full_ckpt,10,0.5,128,10,6,1200,3662,491672,482652,9020
full_ckpt,10,0.5,128,10,6,1202,3865,496758,487046,9712
mmap_mv,10,0.5,128,10,6,3057,9948,1292561,1265590,26971
mmap_mv,10,0.5,128,10,6,7012,21901,2871473,2814577,56896
mmap_mv,10,0.5,128,10,6,7127,22079,2931750,2874156,57594
mmap_mv,10,0.5,128,10,6,3007,9859,1266959,1240628,26331
mmap_mv,10,0.5,128,10,6,7139,21693,2908898,2852470,56428
grid_ckpt,10,0.5,128,10,7,78267,160332,25000470,24685448,315022
grid_ckpt,10,0.5,128,10,7,80204,164556,25561162,25237258,323904
grid_ckpt,10,0.5,128,10,7,80241,166750,25808246,25476919,331327
grid_ckpt,10,0.5,128,10,7,79555,162390,25372531,25052880,319651
grid_ckpt,10,0.5,128,10,7,78524,160904,25098908,24781321,317587
chunk_ckpt,10,0.5,128,10,7,15241,44255,5981558,5876228,105330
chunk_ckpt,10,0.5,128,10,7,15481,45449,6121464,6012175,109289
chunk_ckpt,10,0.5,128,10,7,15616,45423,6143131,6034838,108293
chunk_ckpt,10,0.5,128,10,7,15251,44710,6031199,5923392,107807
chunk_ckpt,10,0.5,128,10,7,15480,45356,6110126,6001033,109093
full_ckpt,10,0.5,128,10,7,1208,3843,494402,484903,9499
full_ckpt,10,0.5,128,10,7,1211,3685,495272,485909,9363
full_ckpt,10,0.5,128,10,7,1211,3864,501029,491326,9703
full_ckpt,10,0.5,128,10,7,1211,3746,499920,490545,9375
full_ckpt,10,0.5,128,10,7,1211,3686,496353,487081,9272
mmap_mv,10,0.5,128,10,7,13745,40973,5499459,5394956,104503
mmap_mv,10,0.5,128,10,7,13651,41442,5514584,5407452,107132
mmap_mv,10,0.5,128,10,7,13879,41377,5535670,5428923,106747
mmap_mv,10,0.5,128,10,7,6082,19405,2508890,2457742,51148
mmap_mv,10,0.5,128,10,7,13555,39992,5396080,5293760,102320
grid_ckpt,10,0.5,128,10,8,126685,185364,33177615,32870338,307277
grid_ckpt,10,0.5,128,10,8,127527,189218,33656396,33341520,314876
grid_ckpt,10,0.5,128,10,8,125499,197176,34244578,33906164,338414
grid_ckpt,10,0.5,128,10,8,127009,195392,34283611,33954524,329087
grid_ckpt,10,0.5,128,10,8,123305,193793,33663338,33331327,332011
chunk_ckpt,10,0.5,128,10,8,30815,76571,11028837,10861483,167354
chunk_ckpt,10,0.5,128,10,8,30924,77196,11107490,10938742,168748
chunk_ckpt,10,0.5,128,10,8,30348,73850,10735476,10576394,159082
chunk_ckpt,10,0.5,128,10,8,30354,74903,10829568,10666079,163489
chunk_ckpt,10,0.5,128,10,8,30542,75201,10885822,10722174,163648
full_ckpt,10,0.5,128,10,8,1219,3796,498095,488548,9547
full_ckpt,10,0.5,128,10,8,1210,3794,494928,485502,9426
full_ckpt,10,0.5,128,10,8,1214,3778,496716,487292,9424
full_ckpt,10,0.5,128,10,8,1218,3626,499297,490142,9155
full_ckpt,10,0.5,128,10,8,1212,3799,498302,488770,9532
mmap_mv,10,0.5,128,10,8,25594,69858,9752795,9581257,171538
mmap_mv,10,0.5,128,10,8,25455,70197,9708060,9536337,171723
mmap_mv,10,0.5,128,10,8,26097,69142,9711673,9546216,165457
mmap_mv,10,0.5,128,10,8,11101,33175,4464795,4379608,85187
mmap_mv,10,0.5,128,10,8,25357,69626,9641754,9471227,170527
grid_ckpt,10,0.5,128,100,4,2071,166712,11686653,7821242,3865411
grid_ckpt,10,0.5,128,100,4,2063,166086,11637057,7790706,3846351
grid_ckpt,10,0.5,128,100,4,2052,166335,11629942,7772018,3857924
grid_ckpt,10,0.5,128,100,4,2099,167620,11700477,7849943,3850534
grid_ckpt,10,0.5,128,100,4,2082,167015,11687493,7828025,3859468
chunk_ckpt,10,0.5,128,100,4,290,28078,2042645,1291054,751591
chunk_ckpt,10,0.5,128,100,4,290,27937,2040340,1291773,748567
chunk_ckpt,10,0.5,128,100,4,291,27892,2033108,1289699,743409
chunk_ckpt,10,0.5,128,100,4,293,28053,2047076,1299007,748069
chunk_ckpt,10,0.5,128,100,4,291,27931,2041640,1293864,747776
full_ckpt,10,0.5,128,100,4,623,55709,4006561,2593768,1412793
full_ckpt,10,0.5,128,100,4,624,55285,3986219,2589163,1397056
full_ckpt,10,0.5,128,100,4,626,55353,3992122,2594137,1397985
full_ckpt,10,0.5,128,100,4,623,54953,3963645,2579056,1384589
full_ckpt,10,0.5,128,100,4,624,55070,3969842,2581721,1388121
mmap_mv,10,0.5,128,100,4,159,16104,1195253,733442,461811
mmap_mv,10,0.5,128,100,4,159,15992,1197252,735502,461750
mmap_mv,10,0.5,128,100,4,160,16095,1209380,742852,466528
mmap_mv,10,0.5,128,100,4,161,16059,1203697,742843,460854
mmap_mv,10,0.5,128,100,4,159,15944,1197413,735941,461472
grid_ckpt,10,0.5,128,100,5,4819,310628,21010999,14919848,6091151
grid_ckpt,10,0.5,128,100,5,4862,310094,20951668,14914482,6037186
grid_ckpt,10,0.5,128,100,5,4802,308618,20939187,14880664,6058523
grid_ckpt,10,0.5,128,100,5,4841,308849,20946043,14905379,6040664
grid_ckpt,10,0.5,128,100,5,4788,309860,21022410,14910790,6111620
chunk_ckpt,10,0.5,128,100,5,589,54503,3953434,2535301,1418133
chunk_ckpt,10,0.5,128,100,5,590,54451,3954362,2537619,1416743
chunk_ckpt,10,0.5,128,100,5,592,54867,3975861,2548958,1426903
chunk_ckpt,10,0.5,128,100,5,590,54641,3963137,2542064,1421073
chunk_ckpt,10,0.5,128,100,5,588,54748,3960497,2535868,1424629
full_ckpt,10,0.5,128,100,5,669,56959,4096840,2693018,1403822
full_ckpt,10,0.5,128,100,5,666,56852,4092809,2690271,1402538
full_ckpt,10,0.5,128,100,5,665,56796,4100040,2693217,1406823
full_ckpt,10,0.5,128,100,5,663,56841,4089529,2683332,1406197
full_ckpt,10,0.5,128,100,5,666,56693,4086200,2687495,1398705
mmap_mv,10,0.5,128,100,5,343,32863,2384040,1509754,874286
mmap_mv,10,0.5,128,100,5,343,32651,2373405,1506899,866506
mmap_mv,10,0.5,128,100,5,345,32746,2383237,1514011,869226
mmap_mv,10,0.5,128,100,5,344,32584,2374878,1508481,866397
